Row,max Value for Window 75-130,Latency at max for Window 75-130,min Value for Window 100-230,Latency at min for Window 100-230,Global Max Value,Latency at Global Max,Global Min Value,Latency at Global Min,All Maxes (with Values),All Mins (with Values),Mean Amplitude for Window 75-130,Mean Amplitude for Window 100-230,Area Under Curve for Window 75-130,Area Under Curve for Window 100-230,Global Area Under the Curve,50% Area Under Curve for Window75-130,Latency at 50% Area Under Curve for Window75-130,50% Area Under Curve for Window100-230,Latency at 50% Area Under Curve for Window100-230,Global 50% Area Under Curve,Latency at 50% Area Under the Curve
"Trial 1",1.72980491333333,113,-2.70063296666667,215,5.3591458,280,-3.97057843333333,0,"11(3.14) 30(1.68) 62(1.31) 82(1.54) 113(1.73) 146(3.2) 195(3.67) 237(4.74) 280(5.36) 326(4.87) 372(2.51) 397(2.9) 429(3.17) ","22( 1.18) 45( -1.57) 71( 0.88) 98( -0.64) 128( -0.82) 165( -1.28) 215( -2.7) 259( -3.39) 305( -2.81) 350( -0.51) 385( 1.21) 413( -1.1) 441( 1.19) ",0.552218421785714,0.691692527022901,48.9004057283333,192.908793006667,793.154725236667,24.72197062,106,96.3854012616667,185,396.416099193333,256
"Trial 2",3.93364223,109,-3.66930349666667,125,4.91764911,353,-4.11305697666667,11,"30(2.59) 60(3.18) 109(3.93) 140(2.71) 168(1.2) 192(1.78) 217(-0.01) 245(3.48) 274(-1.1) 297(3.86) 322(-0.4) 353(4.92) 394(2) 430(3.06) 447(2.75) ","11( -4.11) 45( -2.24) 78( -2.42) 125( -3.67) 154( -1.64) 179( -0.25) 207( -0.75) 228( -1.06) 264( -1.39) 275( -1.1) 315( -0.74) 335( -2.01) 372( -1.8) 412( -1.37) 440( 2.38) ",-0.411355191071428,0.283042087251908,117.957798376667,170.10587822,721.014133855,60.138631775,108,85.0104498466667,135,361.131199316667,239
"Trial 3",2.56467867,117,-3.1775589,204,5.99196974,36,-5.96894884,18,"3(2.25) 36(5.99) 83(2.21) 117(2.56) 160(1.49) 187(1.96) 223(3.66) 284(2.33) 321(4.53) 351(3.01) 381(3.26) 424(2.23) ","18( -5.97) 56( -2.69) 100( -2.07) 139( -1.87) 173( -0.05) 204( -3.18) 248( -1.13) 304( -2.93) 337( -2.7) 366( -1.81) 399( -1.17) 442( -0.32) ",0.656873567142857,0.347997820076336,79.8366168633333,193.18601142,751.452156901667,40.132916215,102,95.7754548633333,184,376.886670723334,207
"Trial 4",1.65565677666667,120,-3.31745076333333,212,4.08694887,429,-3.31745076333333,212,"15(3.32) 67(4.01) 101(0.58) 120(1.66) 167(3.45) 196(2.95) 230(3.33) 274(0.74) 305(2.41) 344(3.09) 377(3.26) 429(4.09) ","48( -3.01) 84( -1.74) 104( 0.57) 148( -1.73) 182( -1.16) 212( -3.32) 261( -0.1) 287( -0.05) 326( -1.05) 361( -1.73) 409( -0.94) ",0.336367593928571,0.503598126208651,53.941910825,194.973019,650.625362645,26.8454818883333,109,96.74605795,173,324.486554201667,211
"Trial 5",2.62475172666667,98,-5.17501068333333,229,5.86193434666667,345,-5.48755216666667,328,"11(3.45) 43(2.41) 65(2.26) 98(2.62) 123(0.7) 156(2.1) 210(5.33) 248(4.97) 283(0.62) 311(5.13) 345(5.86) 377(2.02) 400(1.02) 435(2.17) ","27( -4.07) 54( 0.66) 81( -3.12) 113( 0.12) 138( -0.95) 192( -1.53) 229( -5.18) 269( -1.59) 294( -0.55) 328( -5.49) 362( -2.12) 391( 0.63) 416( -0.48) ",0.149406094880952,0.454444866692112,73.0972559816666,185.797765841667,795.287905181667,36.86731584,94,92.3764960866667,205,397.052880416667,235
"Trial 6",3.86121610666667,96,-7.02604357666667,201,7.15971692333333,183,-7.02604357666667,201,"13(1.07) 34(1.07) 61(2.58) 96(3.86) 134(3.54) 183(7.16) 218(4.44) 260(3.49) 293(1.51) 331(1.01) 361(2.04) 398(6.69) 437(2.52) ","24( -0.31) 47( -1.18) 77( -4.57) 116( -3.09) 158( -3.3) 201( -7.03) 236( -2.61) 278( -2.81) 308( -0.92) 347( -0.4) 378( -4.82) 418( -4.77) ",-0.303294411309524,0.0711606570737913,128.882944343333,375.98228403,950.717108190001,64.3410236716667,97,189.128829531667,181,475.39973487,205
"Trial 7",3.734164,106,-3.98353791333333,130,6.46643225333333,66,-5.99722576333333,84,"24(2.97) 66(6.47) 106(3.73) 151(2.78) 207(3) 243(1.84) 272(4.01) 320(2.84) 351(0.41) 383(1) 428(0.36) ","4( -3.2) 47( -5.1) 84( -6) 130( -3.98) 180( -2.59) 227( -3.67) 257( -2.21) 291( -3.7) 338( -1.95) 365( -1.57) 414( -1.35) 443( -2.32) ",-0.81102052952381,0.0600812385750636,161.238510436667,272.482077736667,866.542439489999,80.3448471866667,99,135.638523686667,155,433.84092331,155
"Trial 8",8.20378732666667,75,-2.96848392333333,224,10.0123386366667,71,-12.5924930566667,53,"32(8.76) 71(10.01) 103(0.73) 126(1.44) 157(1.06) 178(-0.54) 207(1.68) 242(2.57) 279(0.56) 323(0.99) 349(0.37) 381(2.47) 420(1.28) 436(2.42) ","7( -4.91) 53( -12.59) 89( -5.15) 114( -0.81) 141( -2.08) 174( -0.58) 190( -1.02) 224( -2.97) 259( -2.3) 306( -1.62) 337( -0.92) 364( -1.8) 400( -3.52) 424( 1.23) ",-0.262321381785714,-0.284934548854962,104.590479118333,125.630231473333,921.532395745,54.11908076,89,62.7815375616667,181,463.49805586,77
"Trial 9",3.64226440333333,93,-3.13369457,203,4.64958048,352,-5.50109863333333,77,"12(2.16) 32(0.46) 61(4.58) 93(3.64) 123(1.15) 164(1.89) 188(0.12) 221(3.49) 247(-0.85) 289(2.34) 323(-0.64) 352(4.65) 403(1.3) 417(1.62) ","24( -0.28) 46( -2.64) 77( -5.5) 108( -2) 145( -1.72) 179( -0.64) 203( -3.13) 240( -1.03) 261( -1.97) 310( -2.29) 334( -1.97) 372( -4.05) 404( 1.3) 438( -4.25) ",-0.240948349047619,-0.0735158970737913,106.052828256667,165.778787653333,740.918655911667,54.11367483,92,82.9732709383333,184,370.23609701,235
"Trial 10",2.41847856666667,116,-4.77199236333333,151,5.79671081,168,-4.77199236333333,151,"20(3.34) 59(2.16) 86(2.36) 116(2.42) 135(0.96) 168(5.8) 220(1.47) 266(3.62) 307(1.22) 340(2.24) 382(3.08) 415(1.97) 441(-0.19) ","43( -3.07) 73( -1.64) 101( -3.06) 128( 0.48) 151( -4.77) 186( -3.25) 247( -2.5) 285( -2.58) 324( -1.12) 360( -2.73) 400( -2.57) 430( -1.38) ",0.301915270773809,0.108400298498728,84.0561747533333,243.505482803333,724.729255338334,43.1424677966667,102,120.665614636667,164,360.967626395,184
"Trial 11",2.25687432333333,87,-3.17615262666667,207,4.03044827333333,228,-4.6143109,71,"4(1.84) 52(3.81) 87(2.26) 108(1.32) 136(1.9) 166(2.75) 190(0.78) 228(4.03) 281(2.82) 308(0.98) 340(2.7) 386(1.81) 414(1.1) 442(2.72) ","24( -3.03) 71( -4.61) 99( 0.41) 122( -1.92) 150( -2.72) 180( -0.39) 207( -3.18) 253( -2.44) 296( -0.76) 322( -2.98) 370( -1.49) 401( -1.37) 427( -1.36) ",0.174811395297619,0.133071389770992,66.5565646333333,190.698919468333,681.918612646667,33.5998373866667,96,95.7494407916667,169,340.231707256667,209
"Trial 12",3.56440711,100,-4.19247889333333,219,5.60907943666667,389,-4.70340975333333,372,"34(1.21) 55(0.97) 100(3.56) 126(1.47) 159(1.51) 173(1.8) 204(3.41) 236(2.6) 254(1.79) 285(-0.06) 307(4.34) 341(1.34) 355(1.86) 389(5.61) 417(-1.76) 439(2.39) ","16( -2.05) 45( 0.81) 81( -3.1) 114( -1.08) 141( -3.03) 164( 1.37) 189( -2.85) 219( -4.19) 246( 1.23) 271( -3.1) 292( -0.52) 324( -3.98) 346( 1.21) 372( -4.7) 407( -2.32) 421( -1.81) ",0.16497490125,-0.0637105725954199,95.5828790650001,218.309709193333,770.810128331667,47.3615873116667,97,108.594285135,176,384.693946835,251
"Trial 13",5.16523202333333,124,-4.18825928333333,207,5.16523202333333,124,-4.18825928333333,207,"11(2.53) 43(1.52) 74(4.23) 124(5.17) 186(3.84) 225(3.18) 256(1.12) 289(0.69) 317(1.84) 348(2.64) 376(1.23) 400(1.26) 425(1.65) ","29( -1.64) 57( -2.24) 97( -2.78) 145( -2.82) 207( -4.19) 241( -1.01) 273( -0.4) 303( -0.58) 333( -1.89) 363( -1.74) 388( -0.35) 413( -0.47) 440( -3.36) ",0.645887765892857,0.342722302544529,142.722086803333,296.03979417,667.243698518334,71.0965122666667,106,147.84444536,166,332.864742391667,179
"Trial 14",2.58062221666667,75,-2.30470736666667,117,4.11168384333333,283,-3.06554468333333,0,"18(3.41) 45(-0.74) 74(2.6) 103(1.83) 133(2.41) 173(1.61) 205(1.14) 234(1.67) 283(4.11) 323(1.36) 358(0.88) 385(1.17) 416(1.43) ","39( -0.85) 57( -1.52) 89( -1.31) 117( -2.3) 151( -1.25) 190( -1.38) 218( -0.89) 265( -2.64) 301( -2.55) 343( -0.72) 371( -0.69) 400( -0.76) 440( -1.89) ",0.0718448819047619,0.146844541603053,67.539790555,133.382715663333,513.190796346666,33.890200295,104,66.867943015,149,256.201501481667,206
"Trial 15",2.36801314666667,75,-2.54288029333333,139,5.63829088333333,441,-4.27675589,414,"9(2.17) 42(1.8) 73(2.45) 104(0.81) 123(1.56) 156(4.42) 205(3.46) 260(2.75) 302(1.38) 329(2.97) 362(2.61) 393(4.43) 441(5.64) ","26( -0.98) 58( -1.31) 89( -1.08) 111( 0.52) 139( -2.54) 177( -2.32) 229( -1.22) 283( -1.56) 314( 0.05) 346( -3.32) 376( -1.25) 414( -4.28) ",0.54930941375,0.483153842086514,48.087029905,213.245833293333,734.318009401666,24.2393727233333,104,107.436010261667,164,367.368450616667,264
"Trial 16",3.97197667666667,98,-4.72369162333333,167,4.80147838333333,182,-4.72369162333333,167,"25(0.5) 51(3.32) 98(3.97) 129(1.38) 151(3.18) 182(4.8) 216(0.68) 236(1.97) 277(2.75) 305(1.1) 354(2.04) 395(2.28) 423(2.08) ","14( -1.5) 37( -1.63) 68( -2.42) 115( -3.95) 139( -0.23) 167( -4.72) 199( -3.22) 220( 0.63) 258( -3.08) 293( -0.58) 322( -2.13) 377( -2.77) 409( -1.39) 438( -2.6) ",0.0178124192261905,-0.0198826701526718,106.852262411667,251.10410447,706.830174948334,53.6474789816667,103,127.450076853333,167,352.744093503333,193
"Trial 17",4.52367758666667,117,-3.52884825333333,138,4.52367758666667,117,-3.52884825333333,138,"15(0.49) 40(1.43) 76(1.75) 117(4.52) 159(2.13) 181(0.71) 217(3.21) 268(3.65) 297(0.33) 326(3.87) 364(2.15) 400(2.91) 433(2.52) ","2( -1.56) 26( -0.51) 56( -1.16) 97( -3.22) 138( -3.53) 174( 0.52) 199( -2.79) 249( -2.62) 285( -1.62) 309( -1.94) 344( -3.21) 384( -1.82) 417( -3.26) 447( -0.38) ",0.575449596011905,0.383986881323155,117.304340005,240.900654146667,690.768467045,58.6048954016667,110,120.45236471,148,345.621282795,239
"Trial 18",0.96287801,117,-2.95010988,149,3.81112687,339,-5.00104220666667,412,"27(3.49) 63(1.52) 86(0.25) 117(0.96) 132(0.98) 165(2.68) 194(1.44) 217(0.19) 245(2.58) 278(3.45) 311(2.86) 339(3.81) 370(2.44) 395(3.22) 432(3.26) ","8( -3.12) 46( -3.07) 76( -0.28) 100( -1.56) 125( 0.7) 149( -2.95) 180( -2.14) 207( -0.62) 230( -1.81) 261( -3.17) 295( -3.79) 325( -2.76) 355( -4.62) 382( -1.04) 412( -5) ",-0.0403735126190476,-0.130996013129771,36.7541706,139.915073041667,740.071667871667,18.035801315,104,69.9017881583333,162,368.970209743333,277
"Trial 19",3.23910641666667,97,-3.35984706666667,143,5.89572159333333,311,-6.27421617333333,240,"7(1.3) 47(3.47) 97(3.24) 127(1.12) 163(2.75) 221(5.07) 260(4.34) 311(5.9) 346(1.85) 375(1.26) 421(3.67) 446(-0.33) ","26( -2.65) 73( -3.41) 114( -1.56) 143( -3.36) 199( -2.92) 240( -6.27) 292( -4.41) 329( -4.82) 359( -1.12) 403( -3.18) 437( -1.42) ",0.193800110714286,0.141059301603053,86.1033833383333,238.215707596667,913.221715463333,41.5223229616667,96,119.177644485,181,456.10278908,238
"Trial 20",5.11537091,112,-3.34949763666667,100,5.11537091,112,-5.99050983,94,"22(1.12) 55(2.05) 78(1.99) 112(5.12) 141(-0.49) 168(0.88) 211(0.24) 236(0.65) 275(1.53) 298(-0.67) 333(1.87) 378(4.4) 416(1.67) 424(1.64) ","10( -0.68) 39( -3.38) 67( 0.26) 94( -5.99) 129( -2.12) 151( -1.16) 194( -0.95) 222( -0.19) 254( -2.07) 296( -0.68) 313( -1.48) 359( -3.17) 396( -4.51) 422( 1.63) 445( -3.58) ",-0.240789862142857,0.0487127430279898,157.129612125,134.365930198333,642.690675505,80.05874812,100,67.30367548,125,321.693975656666,253
"Trial 21",3.35740137333333,75,-3.36952495333333,160,3.41906070666667,74,-3.37233066666667,23,"5(3.16) 41(3.3) 74(3.42) 108(2.01) 142(2.51) 177(3.17) 203(1.24) 233(1.21) 252(0.64) 298(1.17) 334(2.12) 370(0.73) 401(0.93) 440(1.58) ","23( -3.37) 58( -2.24) 91( -2.87) 124( -0.66) 160( -3.37) 191( -0.68) 217( -1.34) 245( 0.51) 267( -0.67) 316( -1.66) 352( -0.69) 385( -0.12) 420( -0.62) ",0.078953459047619,0.352145926157761,74.497217265,164.17018083,518.373533991666,36.7117402583333,93,82.6107164183334,161,259.171233415,150
"Trial 22",4.13125856666667,106,-3.71385002333333,123,4.13125856666667,106,-3.71385002333333,123,"9(2.28) 54(2.47) 106(4.13) 139(1.67) 163(1.88) 192(1.33) 222(0.55) 240(1.36) 274(3.46) 308(1.54) 336(1.31) 379(1.56) 407(-0.38) 433(1.03) ","29( -2.07) 80( -1.9) 123( -3.71) 151( -0.63) 178( -1.74) 207( -1.07) 227( 0.46) 257( -2.77) 292( -2.7) 322( -0.54) 355( -1.48) 399( -0.52) 416( -0.58) 448( -0.99) ",-0.319618909642857,0.209351220076336,121.097337368333,167.458521301667,534.608988705,58.703304035,106,84.0345568266667,130,266.825080395,175
"Trial 23",7.89590057,113,-8.35833708666667,135,7.89590057,113,-8.35833708666667,135,"24(-0.04) 67(6.26) 113(7.9) 156(3.73) 177(1.87) 222(5.99) 275(6.51) 304(1.15) 333(2.28) 360(2.27) 392(2.25) 427(2.26) ","13( -0.29) 47( -2.82) 88( -7.86) 135( -8.36) 170( 1.58) 200( -6.12) 255( -6.41) 291( -2.89) 318( -3.28) 347( -1.44) 376( -3.06) 408( -2.47) 446( -2.71) ",-0.278221353511905,0.561880793104326,258.459795383333,498.693878938334,1202.76773352833,129.03222962,105,247.900112053333,152,603.774924966666,197
"Trial 24",2.31138646666667,88,-2.17804607,230,6.98173952,332,-7.43396457333333,352,"34(1.75) 88(2.31) 122(0.07) 154(0.84) 174(0.95) 212(1.59) 252(3.72) 294(3.84) 332(6.98) 371(5.36) 400(0.74) 428(0.58) ","14( -2.93) 67( -3.03) 110( -0.59) 136( -1.17) 164( 0.53) 192( -1.57) 233( -2.36) 273( -3.76) 313( -4.99) 352( -7.43) 388( -1.7) 414( -1.56) 438( -0.29) ",0.463904959642857,-0.0478346602544529,45.25041759,95.3009574666667,779.454123265,23.58555903,91,47.2692240966667,186,389.229863596666,291
"Trial 25",2.06428082666667,100,-4.36963597666667,188,3.40024765333333,163,-4.46928087666667,83,"19(0.29) 36(-0.04) 66(2.41) 100(2.06) 123(0.69) 163(3.4) 208(2.47) 257(-0.02) 292(1.71) 328(2.06) 359(0.19) 412(2.23) ","3( -2.79) 29( -0.19) 50( -1.75) 83( -4.47) 113( -0.14) 141( -4.21) 188( -4.37) 227( -1.64) 275( -1.68) 310( -3.41) 344( -1.76) 391( -1.62) 437( -4.19) ",-0.540632161488095,-0.364157627938931,82.6556527433333,241.011451453333,660.135451473334,39.9275444483333,86,120.188313046667,168,330.653509685,195
"Trial 26",5.35507695,116,-3.11280870666667,199,5.35507695,116,-4.47065552,376,"8(3.86) 41(1.11) 67(2.46) 116(5.36) 176(1.72) 216(4.07) 246(1.55) 272(3.37) 304(1.02) 325(2.78) 359(4.87) 393(4.19) 423(-0.19) ","25( -3.79) 52( -0.08) 96( -3.72) 135( -2.6) 199( -3.11) 232( -2.78) 258( -1.41) 288( -3.14) 312( 0.6) 342( -4.31) 376( -4.47) 410( -1.62) 434( -0.75) ",0.282720744464286,0.424488538142494,132.487679156667,244.729257368333,817.271897996667,66.5206105516667,110,122.171059715,163,407.254528991667,218
"Trial 27",1.73544291666667,108,-2.7705241,124,4.24669504,29,-5.07567103666667,449,"29(4.25) 62(1.03) 77(1.23) 108(1.74) 144(2.38) 201(1.9) 254(1.06) 275(1.61) 307(3.65) 356(1.77) 383(0.23) 409(1.19) 435(3.51) ","12( -4.28) 45( -3.2) 69( 0.87) 93( -1.78) 124( -2.77) 176( -2.23) 237( -1.91) 264( 0.4) 291( -3.52) 324( -2.26) 372( -1.03) 395( -1.49) 421( -0.85) ",-0.420215584166667,0.0853718123918575,72.203453245,164.939947528333,617.253668173334,36.469699425,109,83.1197250933333,153,308.213625503333,195
"Trial 28",4.86065244666667,109,-2.88160089666667,178,5.88728284666667,54,-4.90324847,33,"5(5.45) 54(5.89) 79(-1.15) 109(4.86) 137(1.22) 163(3.63) 192(1.68) 216(2.96) 244(1.71) 271(1.59) 297(1.77) 339(2.59) 367(1.36) 393(2.24) 425(3.23) ","33( -4.9) 74( -1.36) 91( -2.55) 125( -2.32) 149( -1.13) 178( -2.88) 203( -0.66) 230( -1.65) 257( -1.47) 283( 0) 320( -1.53) 355( -0.89) 379( -0.72) 408( -2.75) 446( -0.66) ",-0.0176925525595238,0.670708076463104,117.570530911667,216.123529471667,745.287093578334,61.0076891416667,107,109.192885405,161,372.296236316667,151
"Trial 29",4.07273284666667,89,-4.02287101666667,110,5.36910788,30,-4.02287101666667,110,"30(5.37) 62(-0.12) 89(4.07) 137(3.07) 187(1.57) 221(1.12) 243(0.64) 272(3.33) 304(1.33) 320(1.88) 351(2.84) 376(0.8) 400(2.71) 429(0.97) ","13( -3.4) 48( -3.69) 72( -1.43) 110( -4.02) 158( -2.76) 206( -1.96) 233( -0.22) 257( -2.3) 288( -3.42) 310( 1.08) 336( -3.93) 365( -1.3) 387( -1.36) 415( -3.6) 438( -0.15) ",-0.0203278758333334,-0.288418294580153,123.596729351667,207.35428602,739.950031406667,61.843256415,104,103.774188041667,143,370.324671903334,180
"Trial 30",3.97319142,97,-5.53578035,195,7.01321427333333,219,-6.63695892,241,"15(2.27) 39(1.78) 65(3.93) 97(3.97) 126(1.02) 170(4.86) 219(7.01) 261(4.06) 287(0.45) 319(3.59) 363(1.97) 397(0.2) 435(2.53) ","1( -4.94) 27( -1.19) 51( -2.09) 80( -5.8) 112( -1.22) 150( -3.07) 195( -5.54) 241( -6.64) 277( -0.92) 301( -2.82) 339( -2.78) 381( -1.1) 417( -0.78) ",-0.329643397202381,0.361177030737914,118.93160958,336.349617751667,914.246284021666,59.8729812366667,91,170.353351868333,191,458.012606476667,210
"Trial 31",2.10057691666667,120,-3.16576997666667,139,4.89779965,276,-3.92837023666667,432,"5(4.45) 68(2.08) 120(2.1) 158(4.25) 205(3.12) 244(2.41) 276(4.9) 314(0.64) 331(1.01) 378(2.72) 413(4.43) ","34( -2.34) 89( -1.9) 139( -3.17) 180( -3.1) 227( -2.09) 259( -3.23) 294( -2.86) 316( 0.64) 361( -1.7) 394( -2.88) 432( -3.93) ",0.269334709880952,0.337413740992366,63.49241817,246.405237895,797.428296276667,31.5732125833333,108,124.203552766667,164,399.120960458333,222
"Trial 32",2.71699587666667,127,-4.47205599333333,146,4.41799640666667,356,-4.47205599333333,146,"23(2.13) 68(3.13) 100(1.21) 127(2.72) 166(4.36) 190(-0.46) 222(4.21) 250(0.68) 296(2.49) 324(-0.77) 356(4.42) 400(4.27) ","5( -1.46) 48( -2.11) 85( -2.55) 112( -0.6) 146( -4.47) 184( -0.69) 205( -3.48) 238( -1.09) 265( -2.08) 315( -1.26) 336( -2.24) 380( -4.46) 419( -2.09) ",0.112692687678571,0.250470362239186,66.5244415966667,260.152879336667,759.443731316667,32.9879117833333,100,131.525302395,167,381.550477471667,223
"Trial 33",4.47922667,89,-2.96413437666667,188,4.47922667,89,-3.98831908,339,"20(1.23) 46(2.05) 89(4.48) 125(0.02) 165(1.69) 208(2.62) 233(0.2) 266(3.24) 318(3.43) 364(3.69) 404(2.78) 435(0.48) ","4( -1.42) 32( 0.2) 67( -3.81) 109( -2.23) 136( -0.58) 188( -2.96) 225( -0.15) 248( -2.04) 286( -2.23) 339( -3.99) 386( -3.61) 421( -0.89) ",0.598244065892857,-0.0179758806870229,96.066649185,148.887971625,684.404969616667,47.3365893566667,92,74.043579055,180,341.862414101667,250
"Trial 34",0.939442156666667,130,-3.38565548333333,189,5.77268155333333,356,-4.39344819333333,373,"15(1.63) 67(1.29) 136(1.34) 171(3.82) 211(2.04) 251(1.28) 281(0.47) 299(1.33) 326(0.17) 356(5.77) 388(1.21) 416(2.07) ","36( -1.33) 105( -0.41) 154( -2.38) 189( -3.39) 235( -1.48) 266( -0.93) 286( 0.38) 315( -0.95) 339( -2.62) 373( -4.39) 400( -0.83) ",0.00760414380952381,0.198617363689567,16.0295207866667,174.743295803333,538.915662718333,8.14668283,106,87.017075265,175,269.184384618333,252
"Trial 35",2.20744117,124,-2.57859953333333,191,5.21381195333333,409,-2.57859953333333,191,"3(4.86) 39(1.05) 68(1.49) 94(1.55) 124(2.21) 169(2.13) 211(3.47) 252(2.54) 278(0.56) 308(2.16) 354(4.7) 381(0.45) 409(5.21) 437(0.51) ","22( -1.57) 53( -0.43) 82( 0.15) 109( -1.03) 141( -1.48) 191( -2.58) 233( -2.06) 268( -0.1) 291( -0.63) 336( -2.33) 370( -1.75) 393( -2.12) 425( -2.25) 447( -1.18) ",0.672842838511905,0.529200083791349,52.86488658,187.411836548333,619.372632286667,26.6584521983333,110,93.822564915,176,310.100762338333,233
"Trial 36",4.22211615333333,102,-4.77028672,194,4.76261059333333,214,-4.88116232333333,292,"21(-0.52) 45(4.07) 75(1.82) 102(4.22) 139(0.73) 175(2.63) 214(4.76) 245(-0.79) 273(4.68) 315(4.34) 352(1.57) 379(2.19) 433(1.5) ","11( -1.68) 30( -1.49) 61( -3.73) 87( -2.22) 119( -3.15) 158( -0.2) 194( -4.77) 233( -2.11) 255( -1.69) 292( -4.88) 336( -3.65) 365( -0.69) 398( -1.39) ",-0.0251226743452381,0.278416466005089,109.910717983333,246.947665408333,791.594551471667,54.98623648,104,123.807502033333,188,395.98156411,219
"Trial 37",2.6000038,90,-3.53233408666667,218,5.18458954333333,147,-4.67457072,298,"14(1.68) 41(0.51) 61(-0.33) 90(2.6) 117(-0.6) 147(5.18) 176(0.05) 203(4.27) 233(3.11) 280(3.05) 317(2.91) 380(1.17) 407(-0.07) 429(2.07) ","29( -0.57) 55( -0.42) 73( -1) 107( -1.43) 129( -2.7) 164( -3) 187( -2.36) 218( -3.53) 249( -2.8) 298( -4.67) 358( -1.19) 396( -0.53) 414( -0.26) 445( -3.35) ",-0.188170996190476,-0.171291355572519,73.39136198,252.944004226667,637.263319754999,36.3916547616667,103,125.495394983333,163,317.611788338333,220
"Trial 38",5.18468586666667,85,-5.92964077,103,5.18468586666667,85,-5.92964077,103,"31(0.8) 52(1.48) 85(5.18) 120(4.39) 150(0.71) 185(3.44) 222(1.57) 245(1.84) 276(0.37) 304(3.1) 343(0.31) 372(1.01) 417(3) ","14( -3.25) 40( 0.06) 68( -4.24) 103( -5.93) 136( -2.73) 165( -2.2) 204( -4.36) 233( -0.09) 262( -2.88) 288( -1.48) 322( -2.94) 355( 0) 395( -2.72) 440( -3.51) ",0.590808798214286,-0.407848568778626,172.9782547,271.440774445,769.271975983333,87.6155970616667,102,136.073710306667,162,385.283440713333,189
"Trial 39",4.40951948,113,-6.00121768333333,230,8.03508917666667,378,-8.9418993,357,"1(4.06) 55(5.43) 81(0.47) 113(4.41) 136(0.43) 164(-0.18) 184(2.44) 215(6.38) 263(2.74) 303(1.38) 337(6.15) 378(8.04) 420(3.51) 444(-0.1) ","32( -3.94) 71( -1.5) 96( -4.88) 128( -0.31) 151( -1.91) 170( -0.4) 199( -3.84) 233( -6.73) 285( -3.03) 319( -2.36) 357( -8.94) 401( -6.22) 436( -0.5) ",-0.118598720297619,0.384580334351145,116.328961746667,246.162391963333,1148.15916254167,59.3452214283333,102,122.846809465,195,573.822654883333,251
"Trial 40",2.10788313666667,80,-4.67301170333333,100,6.35917782666667,390,-6.53171205666667,407,"2(0.8) 30(3.38) 66(1.18) 80(2.11) 114(1.79) 140(1.03) 176(1.9) 210(3.66) 237(-0.98) 261(2.73) 293(1.71) 339(2.38) 362(-1.81) 390(6.36) 423(0.94) 446(0.4) ","15( -2.91) 47( -5.13) 69( 1.14) 98( -5.05) 127( -1.21) 157( -2.79) 193( -4.43) 226( -2.83) 246( -1.83) 277( -4.45) 323( -2.77) 355( -2.32) 373( -3.48) 407( -6.53) 434( -0.56) ",-0.690804359821429,-0.552684237073791,107.128808868333,225.032660298333,860.686703181667,54.2497896766667,98,112.682043903333,186,429.684397056667,227
"Trial 41",3.49913223666667,119,-4.90066297666667,139,6.44281435,380,-5.47138182333333,364,"23(-0.14) 46(2.06) 77(3.31) 119(3.5) 158(2.46) 204(0.13) 221(1.01) 249(2.02) 277(2.25) 306(3.36) 347(3.6) 380(6.44) 422(2.05) ","10( -1.02) 32( -0.69) 61( -3.17) 93( -3.46) 139( -4.9) 188( -2.1) 209( -0.01) 235( -1.6) 263( -2.82) 291( -2.92) 326( -2.85) 364( -5.47) 397( -5.42) 444( -1.94) ",0.509986923095238,0.0319836362849873,118.476609225,201.54471414,819.70149078,59.0831101266667,99,102.601774935,142,409.172731823333,275
"Trial 42",3.34152476,83,-1.95623338333333,100,3.34152476,83,-3.32910418666667,67,"25(2.22) 53(2.89) 83(3.34) 113(1.8) 144(1.27) 170(0.31) 193(0.43) 227(1.14) 242(0.99) 281(2.74) 311(0.65) 350(1.13) 392(0.06) 418(0.53) 437(1.54) ","12( -2.15) 39( -2.1) 67( -3.33) 98( -2.12) 128( -1.48) 159( -0.23) 182( -0.11) 209( -0.94) 237( 0.94) 262( -2.59) 298( -0.89) 327( -1.22) 377( -0.81) 401( -0.15) 421( 0.53) ",0.386844647559524,0.118923691475827,80.8342055816666,81.6986306633334,433.671577465,41.3435242233333,97,40.853680675,141,216.243567071667,145
"Trial 43",2.24587150333333,125,-3.90776308333333,146,3.79935701666667,306,-4.84518925333333,324,"37(1.62) 80(0.91) 125(2.25) 175(2.7) 211(-0.01) 233(2.04) 264(1.21) 306(3.8) 345(2.5) 392(1.24) 436(1.39) ","18( -4.3) 65( -0.92) 97( -2.24) 146( -3.91) 195( -3.09) 218( -0.41) 249( -2.13) 285( -2.09) 324( -4.85) 372( -3.4) 421( -1.85) ",0.193679798035714,-0.150565996157761,70.6683818616667,203.095556468333,685.000305453334,35.1353163566667,104,102.171738448333,156,342.41192565,231
"Trial 44",6.15330457666667,116,-5.86417945333333,155,8.3567702,172,-5.86417945333333,155,"38(1.83) 74(1.92) 116(6.15) 141(0.21) 172(8.36) 200(-0.31) 231(4.19) 282(2.26) 319(1.22) 346(2.23) 373(1.42) 396(1.41) 430(3.72) ","18( -1.04) 55( -1.67) 99( -4.32) 132( -1.91) 155( -5.86) 188( -3.35) 211( -2.86) 257( -3.73) 305( -1.81) 332( -1.52) 360( -1.41) 385( -0.24) 411( -3.29) ",0.594314003928571,0.263832368422392,144.889592846667,368.494396253333,833.028113904999,71.75468654,110,181.746428365,166,415.690666101667,189
"Trial 45",4.00882005666667,116,-3.75905243666667,191,4.00882005666667,116,-3.77005060666667,282,"5(2.24) 51(1.54) 81(2.23) 116(4.01) 157(1.74) 174(1.9) 208(3.77) 236(-0.07) 261(3.3) 304(3.84) 337(1.06) 358(0.69) 393(2.2) 428(-0.24) ","21( -1.22) 67( -2.04) 97( -3.15) 137( -3.68) 165( 1.37) 191( -3.76) 224( -2.11) 245( -0.78) 282( -3.77) 321( -2.43) 348( 0.18) 374( -1.89) 413( -1.01) 434( -0.33) ",0.678775620595238,0.146232705267176,111.752097638333,262.601996025,658.129085841667,56.3611359983333,108,131.05921487,162,329.85621561,204
"Trial 46",2.39752451666667,111,-3.8761615,230,2.96791744333333,212,-3.8761615,230,"18(1.44) 56(1.02) 85(-0.16) 111(2.4) 146(1.1) 163(1.45) 212(2.97) 249(2.85) 298(1.02) 322(1) 355(2.19) 387(2.61) 414(1.37) 444(2.38) ","2( -1.39) 35( -1.13) 74( -0.58) 94( -0.58) 128( -2.81) 152( 0.97) 182( -1.76) 230( -3.88) 279( -1.65) 310( 0.17) 339( -1.87) 371( -2.43) 401( -1.58) 428( -2.27) ",-0.0677900614880952,0.109134915063613,58.5964404066667,184.622305768333,527.27073141,29.6148587633333,113,92.2247008016667,167,263.65826647,234
"Trial 47",5.41487550666667,96,-4.85079081666667,113,5.41487550666667,96,-4.85079081666667,113,"3(0.07) 32(1.62) 64(0.75) 96(5.41) 129(2.07) 154(1.52) 177(0.11) 207(2.27) 254(1.82) 300(1.73) 348(2.87) 376(0.62) 404(4.19) 435(2.1) ","15( -0.88) 50( -1.03) 79( -2.69) 113( -4.85) 141( -0.8) 168( -0.37) 190( -1.59) 227( -1.33) 275( -1.64) 330( -1.9) 364( -1.58) 388( -2.24) 420( -3.74) ",-0.0219340874404761,-0.137726072366412,150.39416531,164.066965136667,586.207296143333,75.2477942533334,100,82.03009376,136,293.180141426667,232
"Trial 48",3.17303137,101,-2.85777829,117,4.73274787333333,22,-4.09765943,5,"22(4.73) 54(1.4) 72(0.34) 101(3.17) 131(1.14) 155(1.66) 194(1.61) 227(1.03) 259(1.31) 277(1.43) 315(1.25) 346(-0.07) 377(0.51) 404(2.29) 438(2.62) ","5( -4.1) 39( -3.61) 66( 0.16) 86( -2.24) 117( -2.86) 142( -0.72) 172( -2.36) 213( -1.25) 242( -2.3) 268( 0.84) 295( -2.93) 343( -0.08) 363( -0.97) 390( -0.95) 421( -3.26) ",-0.295282060178571,0.0103596366412214,87.991704955,150.740887271667,570.744955263334,45.1069733633333,103,74.92808426,158,285.415305505,176
"Trial 49",2.39313467333333,117,-2.01979164333333,211,3.41195567,242,-3.29067604,262,"5(1.53) 40(2.28) 88(2.15) 117(2.39) 163(1.59) 193(1.93) 242(3.41) 291(2.79) 336(3.12) 370(2.16) 403(2.61) 435(0.89) ","22( -2.33) 71( -2.26) 102( -1.63) 133( -1.87) 178( -1.33) 211( -2.02) 262( -3.29) 313( -2.96) 354( -2.79) 386( -2.5) 419( -1.51) ",0.387822629940476,-0.151028127684478,69.0023523333333,146.7162027,637.029895071667,34.46792277,103,73.5191575933333,164,318.092698431667,248
"Trial 50",2.94259198666667,129,-2.57538899,213,3.85733548666667,368,-3.33258446,350,"34(0.7) 76(2.08) 129(2.94) 190(1.64) 236(3.08) 280(2.16) 323(2.74) 368(3.86) 400(0.91) 418(0.79) ","17( -0.7) 55( -1.78) 108( -2.25) 149( -2.01) 213( -2.58) 256( -3.05) 303( -3.07) 350( -3.33) 385( -2.73) 409( 0.19) 433( -2.7) ",0.0847840488095239,-0.226957355063613,80.6235325433333,170.959329521667,632.749927781667,40.457257595,107,84.5735285933333,150,316.079581261667,257
"Trial 51",1.71223384333333,97,-2.59157212333333,183,2.98497136333333,240,-2.82173879666667,256,"19(2.74) 41(-0.78) 69(2.15) 97(1.71) 129(1.15) 163(2.8) 206(2.74) 240(2.98) 273(2.64) 317(1.81) 363(0.95) 387(1.31) 420(2.42) 448(0.41) ","3( -1) 37( -0.82) 52( -1.33) 83( -0.96) 113( -1.51) 145( -1.15) 183( -2.59) 224( -2.36) 256( -2.82) 293( -1.38) 339( -0.99) 375( 0.28) 403( -2.33) 436( -0.53) ",0.0768382917857143,0.0444061198218829,48.0736422183333,175.273241275,529.71467299,24.0778721233333,102,86.78578634,179,264.369155006667,218
"Trial 52",2.12078281333333,87,-4.47470299333333,159,6.04194768333333,229,-5.93187968,449,"5(-0.41) 29(2.11) 65(-0.08) 87(2.12) 118(-0.04) 142(3.06) 176(3.62) 197(0.4) 229(6.04) 275(2.7) 323(2.27) 358(1.4) 388(2.57) 433(2.95) ","9( -0.44) 48( -1.99) 70( -0.12) 105( -1.82) 127( -0.66) 159( -4.47) 190( -0.27) 212( -4.23) 246( -4.95) 297( -3.77) 344( -1.84) 373( -2.34) 404( -1.92) ",0.0293100405357143,-0.0217473545038168,55.0345820366667,241.962911015,740.749100721667,27.2032283333333,94,121.24079757,174,371.408895563333,242
"Trial 53",1.75824666,88,-4.18641607,186,8.37496439333333,367,-6.36069933666667,350,"17(0.92) 57(1.5) 88(1.76) 117(1.01) 132(0.06) 167(3.94) 207(2.96) 257(2.58) 289(0.74) 314(2.25) 334(0.02) 367(8.37) 398(0.36) 420(1.67) ","2( -3.71) 38( -0.97) 73( -2.59) 102( -2.07) 129( 0.04) 149( -3.11) 186( -4.19) 226( -2.62) 274( -3.46) 300( -1.35) 328( -0.33) 350( -6.36) 384( -5.65) 407( -0.72) 434( -2.34) ",-0.0945077589880952,-0.358704453231552,54.1676273583333,228.831974393333,766.674083718333,27.3119493233333,99,115.38832525,180,383.577328006667,259
"Trial 54",2.50008257666667,80,-2.90908964333333,205,3.56077051333333,189,-4.12637989,449,"10(-0.42) 30(1.57) 80(2.5) 116(0.42) 133(2.18) 163(-0.46) 189(3.56) 220(1.21) 246(0.27) 268(1.89) 310(1.55) 346(1.61) 375(1.4) 405(0.22) 433(3.12) ","13( -0.43) 47( -1.57) 98( -2.97) 118( 0.41) 151( -2.1) 173( -1.48) 205( -2.91) 233( -1.23) 254( -0.09) 286( -2.67) 330( -1.93) 361( -1.41) 391( -1.6) 416( -0.59) ",0.0263872592857143,-0.0561409103307888,76.8063676983333,172.004635958333,518.037682265,37.5304310916667,96,85.38368353,174,257.675018713333,206
"Trial 55",2.55025267666667,96,-3.69244122666667,134,5.44506136666667,152,-5.25368944666667,241,"8(3.76) 53(2.15) 96(2.55) 119(0.65) 152(5.45) 177(-1.83) 201(3.18) 225(2.52) 258(5.19) 295(1.11) 325(1.34) 350(1.84) 379(3.75) 403(-0.34) 429(3.32) ","33( -2.01) 75( -1.71) 111( -0.01) 134( -3.69) 171( -2.03) 183( -1.94) 214( -0.32) 241( -5.25) 275( -1.83) 311( -0.83) 337( -0.72) 364( -2.56) 394( -1.2) 414( -2.07) 443( -0.6) ",0.321023775178571,0.414996970407125,59.9090070466667,230.119793448333,725.475779531667,29.110195865,96,116.22118328,158,363.63252265,206
"Trial 56",3.17613375333333,88,-10.59837095,226,12.72652352,417,-13.4940418566667,433,"17(1.03) 36(2.06) 64(0.22) 88(3.18) 131(1.88) 164(3.5) 210(5.94) 243(10.4) 274(3.92) 298(2.1) 346(6.44) 385(12.33) 417(12.73) ","2( -3.47) 24( 0.55) 51( -2.7) 74( -1.07) 104( -3.9) 149( -3.73) 180( -3.52) 226( -10.6) 259( -8.4) 287( -0.14) 317( -4.66) 367( -11.02) 402( -12.39) 433( -13.49) ",0.134389566607143,-0.619937644605598,101.86137503,357.895136798333,1676.81683339833,49.3841330583333,102,177.792924803333,184,839.082387104999,324
"Trial 57",5.38821037666667,98,-16.26671187,164,12.39608383,145,-16.26671187,164,"12(1.42) 38(8.74) 71(6.81) 98(5.39) 145(12.4) 183(8.53) 220(-0.71) 253(6.2) 283(3.01) 311(0.79) 335(2.47) 368(4.27) 414(3.34) ","23( -3.46) 55( -9.83) 84( -3.79) 115( -7.04) 164( -16.27) 216( -0.76) 236( -4.38) 269( -4.21) 298( -2.3) 321( -0.82) 351( -3.73) 389( -3.58) ",-1.25803212166667,-0.124152927938931,192.236020445,644.744813633333,1520.10567436667,95.684114325,109,325.104985238333,159,761.612085113333,162
"Trial 58",7.70163949666667,130,-18.4943566333333,205,18.85917155,190,-18.4943566333333,205,"14(2.82) 44(5.51) 77(5.19) 105(5.96) 133(9.81) 161(13.69) 190(18.86) 220(11.4) 242(3.36) 270(6.13) 292(1.69) 317(5.41) 344(8.31) 371(7.72) 398(10.57) 428(2.11) 446(4.58) ","28( -3.47) 61( -5.43) 92( -4.99) 119( -7.34) 147( -11.76) 175( -15.7) 205( -18.49) 232( -1.52) 256( -8.23) 283( -0.58) 304( -4.63) 330( -6.34) 357( -8) 384( -8.81) 413( -8.42) 435( 1.14) ",0.0887308394047618,0.459838043918575,213.39715523,1048.62107428833,2208.28812456,109.602281403333,106,530.098705101667,177,1108.47557547833,203
"Trial 59",7.05555709333333,110,-6.88519787666667,202,9.54596900666667,290,-9.53083213,22,"8(6.37) 38(7.65) 59(-1.65) 81(2.76) 110(7.06) 138(4.72) 164(2.32) 187(4.22) 217(6.15) 248(2.27) 290(9.55) 326(3.22) 388(5.4) 417(1.98) 443(5.01) ","22( -9.53) 55( -1.74) 67( -2.15) 95( -5.7) 124( -5.99) 151( -4.28) 175( -2) 202( -6.89) 232( -3.84) 273( -5.69) 308( -8.9) 368( -3.62) 404( -4.37) 429( -3.2) ",-0.311654599345238,0.254262247938931,195.912369851667,407.584311246667,1418.00835658,97.9719061916667,108,203.909410663333,161,711.140520365,216
"Trial 60",2.06193904,105,-6.01937612,229,7.13255008,363,-7.79655123,379,"15(0.21) 40(3.62) 73(0.08) 105(2.06) 137(-0.2) 162(4.08) 209(5.52) 262(4.74) 300(-0.85) 330(4.06) 363(7.13) 395(4.95) 415(-1.19) ","3( -3.29) 25( -1.87) 57( -3.45) 86( -0.68) 123( -3.06) 146( -1.4) 180( -4.96) 229( -6.02) 281( -3.75) 305( -0.89) 347( -7.28) 379( -7.8) 412( -1.23) 429( -2.82) ",-0.350414750714286,-0.270981920178117,68.244357505,319.79160774,1053.13376645,34.1742284,116,161.55857265,182,527.596875776666,258
"Trial 61",3.47058105666667,120,-7.83449284333333,230,10.80634149,217,-12.3448793066667,235,"30(3.05) 49(0.42) 93(1.01) 120(3.47) 154(6.17) 183(0.36) 217(10.81) 252(8.1) 297(4.43) 330(2.06) 350(1.28) 382(4.53) 433(1.76) ","11( -4.97) 46( 0.39) 70( -1.64) 105( -0.76) 136( -6.83) 171( -2.53) 199( -5.2) 235( -12.34) 270( -3.65) 314( -5) 341( 0.26) 365( -3.98) 402( -2.99) ",0.434303790119048,0.359005780788804,64.1934334683333,429.308435475,1175.53472005833,30.9146162133333,116,214.672566911667,176,588.975334656667,231
"Trial 62",2.75334000666667,96,-5.96036100333333,118,6.53418986333333,137,-5.96036100333333,118,"6(2.34) 36(1.72) 56(0.52) 96(2.75) 137(6.53) 183(5.55) 214(1.18) 254(1.05) 287(1.54) 331(3.27) 364(1.04) 383(1.75) 429(2.93) ","21( -2.32) 48( 0.14) 71( -2.59) 118( -5.96) 162( -5.04) 199( -3.38) 227( -1.17) 271( -1.9) 311( -1.33) 348( -3.6) 372( 0.55) 400( -2.31) 447( -4.36) ",-0.505433008988095,-0.204538468498728,135.430164825,371.477572085,808.92543153,68.5974148133333,113,184.694170315,155,406.447482658333,179
"Trial 63",9.97970597,97,-9.64906660666667,114,9.97970597,97,-9.64906660666667,114,"11(5.31) 44(2.11) 66(4.55) 97(9.98) 135(5.64) 169(0.01) 195(3.31) 222(2.04) 248(0.05) 270(3.65) 300(3.49) 327(1.88) 350(2.08) 381(2.55) 402(2.14) 434(2.52) ","29( -6.21) 54( -0.31) 81( -7.07) 114( -9.65) 157( -2.17) 180( -2.14) 209( -1.73) 236( -1.72) 256( -0.57) 285( -4.31) 314( -2.14) 338( -0.59) 365( -3.78) 392( 0.8) 418( -3.7) 447( -2.04) ",-1.07555039642857,-0.0624993186259542,303.035999475,338.871996278333,1062.56545081167,150.16257014,100,168.068482315,133,530.703690533334,133
"Trial 64",5.26147920666667,129,-6.09479965666667,144,6.17319393333333,384,-7.67115036333333,364,"26(0.54) 50(2.12) 81(1.56) 129(5.26) 159(5.19) 189(4.34) 218(1.26) 244(2.65) 275(2.21) 300(3.26) 339(6.02) 384(6.17) 424(1.41) ","12( -3.95) 37( -1.03) 65( -2.96) 112( -3.87) 144( -6.09) 174( -5.71) 205( -3.6) 230( -1.6) 260( -4.51) 287( -0.87) 318( -7.03) 364( -7.67) 406( -4.13) 438( -1.77) ",0.101758912797619,-0.450671751882952,99.56730093,359.570972866667,1094.163381995,50.90703807,114,179.579543436667,158,547.173336776667,260
"Trial 65",5.29974429,99,-5.90214189,133,6.03601948333333,153,-5.90214189,133,"15(2.75) 47(2.81) 99(5.3) 153(6.04) 188(-0.73) 221(1.45) 255(1.96) 288(1.47) 309(2.02) 345(5.12) 385(2.76) 417(4.57) ","1( -3.46) 30( -3.68) 80( -5.14) 133( -5.9) 173( -2.66) 198( -1.15) 240( -1.82) 272( -3.24) 298( 0.45) 326( -5.41) 366( -4.09) 400( -3.41) 435( -4.36) ",-0.376684441904762,-0.0546008370992367,174.966156513333,296.70194841,1003.123275205,86.57142349,99,149.640946643333,148,501.023182966667,199
"Trial 66",12.3968143466667,81,-6.66686543,100,12.3968143466667,81,-14.1336501433333,279,"24(0.29) 45(4.23) 81(12.4) 110(-2.47) 133(8.25) 161(1.15) 190(7.68) 229(-0.08) 262(11.83) 295(8.14) 318(-0.55) 345(3.6) 375(0.93) 391(1.57) 422(5.11) ","5( -2.38) 29( 0.22) 63( -10.99) 98( -7.01) 117( -3.27) 149( -5.65) 174( -6.03) 208( -3.51) 245( -4.76) 279( -14.13) 311( -1.57) 330( -3.16) 360( -3.32) 381( 0.59) 406( -4.81) 439( -3.67) ",0.708157545416667,-0.44067823480916,282.284857698333,431.361013808333,1575.03476264167,139.366801658333,93,216.355258158333,153,787.511583696666,197
"Trial 67",6.32470862,112,-5.02041212666667,128,6.32470862,112,-7.65002886333333,21,"4(5.06) 40(4.69) 84(1.12) 112(6.32) 143(1.97) 175(3.47) 222(4.17) 252(2.39) 285(1.85) 321(2.67) 353(0.12) 378(0.85) 424(1.85) ","21( -7.65) 70( -3.61) 97( -3.12) 128( -5.02) 157( -3.56) 204( -4.84) 238( -2.86) 268( -2.48) 303( -2.37) 338( -2.12) 363( -0.4) 408( -1.67) 439( -2.22) ",0.134528977142857,0.212336463918575,143.010520728333,344.985890161666,893.644797513333,68.4140860366667,111,172.637897398333,161,447.147707345,156
"Trial 68",3.13166936333333,112,-3.76743475333333,162,5.63789113333333,292,-4.92608722,276,"10(1.74) 60(3.63) 112(3.13) 145(3.05) 179(3.69) 210(3.54) 240(1.71) 261(1.36) 292(5.64) 320(0.7) 348(1.83) 369(0.82) 394(0.82) 426(3.83) ","27( -3.44) 79( -4.12) 129( -3.37) 162( -3.77) 195( -3.76) 226( -3.09) 251( -0.23) 276( -4.93) 308( -2.57) 333( -2.92) 360( 0.31) 382( -0.93) 409( -3.48) ",-0.58142601,0.0252199854707379,116.503066626667,288.325910476667,824.80231885,58.0621654816667,104,143.565693053333,166,411.935891205,200
"Trial 69",2.58375335,104,-2.50120925666667,155,2.62118824333333,228,-3.12984951333333,86,"15(0.88) 67(1.91) 104(2.58) 137(2.33) 176(1.44) 228(2.62) 266(0.48) 287(1.8) 323(0.93) 351(1.51) 384(0.07) 402(0.73) 430(1.94) ","5( 0.16) 32( -1.79) 86( -3.13) 120( -1.65) 155( -2.5) 208( -1.75) 247( -2.27) 271( 0.41) 306( -2.12) 336( -0.41) 369( -1.22) 389( 0.05) 416( -0.94) 445( -2.01) ",-0.422332978988095,0.243620191755725,84.6508723833333,171.58013605,478.975613306667,41.9228187516667,99,86.8726456666666,157,239.250721488333,201
"Trial 70",4.61040783,75,-6.70418564333333,194,7.8017993,211,-6.95687373333333,36,"18(6.37) 52(2.78) 75(4.61) 109(3.46) 143(4.07) 178(5.06) 211(7.8) 259(3.08) 290(-0.57) 316(1.92) 360(3.31) 391(3.68) 420(0.02) 442(1.44) ","3( -1.94) 36( -6.96) 62( 0.1) 92( -5.45) 125( -2.5) 161( -4.36) 194( -6.7) 230( -4.63) 278( -1.37) 296( -0.7) 343( -2.33) 375( -3.25) 407( -1.8) 428( -0.49) ",-0.38427683797619,0.451485644554707,145.574454573333,402.247738605,1027.82226840333,70.7065869983333,95,200.979606338333,181,515.091729465,183
"Trial 71",2.09767353666667,82,-2.90867201333333,147,3.07803018666667,449,-3.57065764666667,305,"28(2.05) 82(2.1) 130(1.13) 167(1.74) 209(1.3) 236(0.82) 263(1.67) 290(1.62) 321(2.9) 352(-0.22) 373(-0.29) 406(1.5) ","6( -3.54) 64( -2.43) 100( -1.61) 147( -2.91) 193( -2.54) 223( -1.43) 249( -1.8) 276( -2.13) 305( -3.57) 338( -1.68) 362( -0.6) 386( -1.01) 429( -3.12) ",0.102413676964286,-0.398478117073791,53.8265342883333,148.354546763333,567.210475958334,27.5326321716667,97,73.4568640916666,166,283.357477736667,212
"Trial 72",4.20844682,123,-4.90806110666667,200,5.76253414,217,-4.90806110666667,200,"24(3.91) 61(2.43) 89(1.84) 123(4.21) 159(3.55) 185(1.33) 217(5.76) 257(2.12) 291(-0.06) 317(1.56) 344(0.58) 375(2.09) 412(3.17) ","2( -3.69) 44( -4.07) 75( -1.06) 105( -3.43) 141( -4.79) 174( -0.79) 200( -4.91) 235( -4.19) 278( -1.46) 302( -0.73) 331( -0.94) 358( -1.78) 394( -2.46) 431( -3.43) ",0.397706793630952,0.047715039821883,108.026729936667,323.069228621667,808.440441068333,54.0656293333333,109,162.681481753333,160,402.858524338333,197
"Trial 73",3.56875181,75,-4.64355039666667,201,6.01725260333333,442,-4.64355039666667,201,"10(1.61) 34(1.6) 73(3.65) 114(1.8) 129(3.21) 165(1.97) 184(3.23) 219(3.58) 255(1.14) 282(1.66) 311(4.12) 343(3.25) 384(1.14) 411(3.51) 442(6.02) ","22( 0.11) 51( -2.47) 94( -3.86) 117( 1.76) 148( -4.54) 172( 1.41) 201( -4.64) 239( -1.2) 269( -0.95) 296( -2) 326( -4.37) 369( -0.83) 397( -1.7) 426( -4.28) ",0.40608942452381,0.462194273613232,117.839255273333,290.942988048333,824.23479676,58.1355170783333,98,146.127268921667,171,411.952192961667,211
"Trial 74",1.86002238333333,116,-2.66732430333333,164,3.73595507666667,421,-4.03478447333333,269,"35(2.55) 64(1.22) 90(0.59) 116(1.86) 145(2.64) 190(3.2) 222(0.29) 251(3.29) 286(3.31) 316(1.35) 344(0.91) 366(0.11) 389(1.85) 421(3.74) ","18( -2.76) 51( -1.58) 77( -1.17) 102( -1.23) 130( -2.04) 164( -2.67) 208( -2.23) 234( -1.44) 269( -4.03) 302( -1.95) 329( -1.54) 356( -0.31) 375( -0.45) 405( -3.67) 437( -2.42) ",-0.154763793571429,-0.0506419682188295,49.33033268,185.350023175,612.474188081667,25.1944886083333,112,91.3619882066667,165,306.681740596667,238
"Trial 75",4.89206520666667,124,-4.16774153666667,143,9.13425731666667,328,-9.78151258,305,"16(5.69) 50(4.63) 92(0.87) 124(4.89) 174(3.83) 222(3.32) 254(1.75) 284(8.78) 328(9.13) 361(-0.73) 386(3.2) 414(3.91) 447(5.06) ","33( -5.67) 68( -1.92) 108( -2) 143( -4.17) 193( -3.44) 240( -3.62) 267( -3.62) 305( -9.78) 347( -4.27) 370( -1.56) 400( -1.53) 430( -6.15) ",0.749715798333333,0.347013964351145,85.6145851133333,290.455908583333,1253.11257910167,42.509453255,120,145.243160855,166,629.269163068333,280
"Trial 76",3.65636539,114,-5.66030423,184,23.40520541,316,-18.6165421766667,299,"7(0.88) 35(3.89) 69(1.58) 114(3.66) 165(2.98) 201(7.34) 230(1.09) 258(10.63) 284(6.39) 316(23.41) 344(-4.52) 371(16.57) 424(8.34) 447(-0.43) ","20( -3.15) 51( -3.63) 97( -2.92) 133( -2.79) 184( -5.66) 218( -5.21) 243( -6.87) 272( -5.85) 299( -18.62) 333( -12.26) 353( -8.74) 403( -10.05) 443( -0.5) ",0.0824308345833333,-0.0414655804580153,93.8160104383333,338.590190666667,2060.23279258333,46.3814109466667,109,169.713237065,184,1033.44704789333,312
"Trial 77",4.71793604,129,-4.69290177,114,4.71793604,129,-4.69290177,114,"29(0.72) 72(2.41) 101(2.04) 129(4.72) 157(-0.37) 183(2.63) 216(-0.02) 256(-0.09) 273(-0.01) 301(-0.58) 328(1.84) 359(2.17) 399(1.94) 429(-0.02) ","57( -3.09) 87( -4.2) 114( -4.69) 144( -4.57) 168( -2.42) 199( -2.98) 238( -1.7) 264( -0.27) 289( -1.96) 313( -1.98) 343( -3.58) 378( -3.77) 416( -2.24) 443( -3.04) ",-0.756156315892857,-0.725833480127226,135.525349378333,251.911082353333,709.547318671667,68.8306140783333,110,125.802883635,145,354.792671286667,186
"Trial 78",6.45294793333333,80,-6.33789873333333,100,6.45294793333333,80,-6.48664744666667,99,"20(-0.47) 46(1.76) 80(6.45) 117(2.91) 136(1.18) 160(-1.09) 190(3.27) 241(2.11) 288(1.04) 312(0.98) 350(2.64) 389(2.93) 429(0.26) ","11( -0.81) 29( -0.75) 62( -3.55) 99( -6.49) 130( 1.05) 155( -1.17) 171( -1.63) 219( -1.69) 269( -1.18) 300( 0.09) 329( -2.14) 371( -2.94) 408( -1.57) 438( 0.17) ",0.543952037619048,-0.0807314979643765,187.820089951667,204.252422751667,644.287872521667,95.6633302316666,97,102.159502023333,162,322.212415025,173
"Trial 79",4.19279647,124,-4.1446929,147,9.12628587,440,-10.4101339933333,415,"40(2.96) 80(3.54) 124(4.19) 169(3.51) 192(-0.72) 219(1.22) 250(4.11) 284(3.21) 317(1.61) 343(2.18) 391(8.84) 440(9.13) ","7( -1.73) 59( -4.39) 104( -3.7) 147( -4.14) 189( -0.75) 204( -1.43) 234( -2.22) 267( -4.09) 300( -2.98) 329( -0.12) 366( -4.99) 415( -10.41) ",0.782217427857143,-0.133795588117048,142.790139801667,245.67268836,1178.51380268167,70.321938345,104,121.053155375,146,588.555120906667,300
"Trial 80",6.7378308,130,-8.59066391,113,14.59843286,33,-13.3902788166667,12,"33(14.6) 77(3.18) 95(2.84) 131(6.82) 168(0.28) 199(2.77) 226(2.7) 260(6.24) 305(2.04) 334(2.47) 381(3.13) 409(-1.12) 436(0.29) 447(0.41) ","12( -13.39) 56( -11.88) 87( 1.81) 113( -8.59) 149( -4.67) 184( -2.79) 213( -2.66) 242( -8.82) 288( -5.44) 319( -3.03) 363( -3.99) 398( -2.5) 418( -1.59) 439( 0.28) ",-0.17036760922619,-0.796500210076336,201.636851996667,354.717597465,1542.13624176,101.196025513333,111,176.493573648333,136,770.72371902,119
"Trial 81",3.13320378666667,93,-4.25811728,192,5.66898536666667,213,-6.10212365666667,408,"15(4.29) 60(2.05) 93(3.13) 116(-0.37) 142(0.96) 170(2.9) 213(5.67) 245(-0.02) 268(3.08) 306(1.34) 335(2.2) 365(2.81) 391(4.37) 430(3.94) ","32( -2.92) 77( -3.51) 109( -0.69) 127( -1.54) 154( -1.03) 192( -4.26) 231( -3.97) 253( -0.52) 286( -2.73) 321( -0.94) 350( -3.67) 378( -1.82) 408( -6.1) ",-0.233688946904762,-0.0027158759033079,80.8439298,231.655335228333,840.294788041667,40.594977245,93,116.289994836667,193,421.625392641667,229
"Trial 82",4.31405242333333,75,-4.15362477333333,117,5.69022592,303,-5.97680902333333,323,"15(1.28) 44(1.8) 75(4.31) 102(2.44) 133(1.93) 152(1.25) 184(2.06) 216(1.92) 249(4.94) 280(-0.91) 303(5.69) 346(2.76) 391(2.96) 426(1.23) ","30( -1) 59( -4.64) 89( -1.85) 117( -4.15) 144( 0.82) 168( -2.55) 200( -1.9) 232( -3.39) 266( -3.93) 286( -1.16) 323( -5.98) 372( -2.94) 409( -2.15) 443( -4.33) ",-0.193893065119048,-0.153037148346056,107.301225483333,198.29331744,862.901529571667,54.3114859116667,105,99.2611530250001,161,431.161114755,254
"Trial 83",4.49753368333333,93,-5.20857588333333,183,8.47105757666667,13,-10.11133798,0,"13(8.47) 42(3.23) 64(2.02) 93(4.5) 119(2.93) 149(1.17) 167(2.81) 201(5.32) 257(1.63) 291(4.57) 322(1.78) 346(1.93) 373(0.19) 395(1.06) 420(1.58) 447(1.08) ","28( -4.34) 54( -0.84) 78( -4.74) 107( -2.05) 134( -3.14) 155( 0.93) 183( -5.21) 221( -2.58) 275( -3.12) 307( -3.68) 334( -0.68) 361( -1.12) 382( -0.38) 407( -0.66) 434( -1.51) ",0.203490162202381,-0.00133522870229006,126.286833761667,278.936769908333,831.395817578333,61.9663532216667,94,137.73812254,181,415.161177615,175
"Trial 84",3.30083743666667,89,-2.53234951,223,6.80460707333333,420,-6.09775980333333,437,"7(3.22) 30(-0.22) 58(3.5) 89(3.3) 128(2.34) 167(2.64) 206(2.7) 240(2.04) 273(2.02) 316(3.31) 365(3.85) 391(1.38) 420(6.8) ","23( -0.65) 42( -1.9) 73( -3.18) 106( -2.37) 149( -2.53) 187( -1.92) 223( -2.53) 255( -1.14) 297( -3.09) 348( -3.03) 380( -1.68) 404( -3.77) 437( -6.1) ",0.371763192738095,-0.03442565043257,94.7341591683333,205.521110721667,812.206003421667,47.55886063,101,103.635340976667,166,406.217163603333,264
"Trial 85",1.84651458333333,87,-4.16768479333333,153,4.72205257666667,168,-4.83575964,286,"14(0.84) 38(3) 70(0.86) 87(1.85) 115(1.49) 139(2.46) 168(4.72) 195(1.93) 220(3.15) 247(0.65) 271(4.01) 302(3.35) 327(-0.68) 349(1.72) 379(1.52) 417(3.59) ","24( -0.33) 54( -3.44) 75( 0.7) 102( -2.18) 127( -1.26) 153( -4.17) 182( -3.24) 207( -2.29) 235( -2.52) 257( -1.19) 286( -4.84) 319( -1.04) 333( -0.8) 364( -1.38) 397( -2.52) 435( -3.14) ",0.106449095892857,0.0775608710178117,63.2050713033333,231.281983855,706.603767206666,32.1937342783333,101,113.398418578333,167,354.411511785,223
"Trial 86",4.30141194666667,129,-3.80547499666667,149,5.55774800333333,402,-5.93736505666667,383,"1(1.87) 27(1.27) 58(1.95) 88(1.42) 129(4.3) 174(2.07) 207(1.33) 237(3.76) 267(3.06) 298(0.88) 317(1.9) 363(4.47) 402(5.56) 438(3.77) ","15( -0.46) 42( -2.07) 73( -0.9) 108( -2.55) 149( -3.81) 193( -1.06) 222( -2.92) 252( -2.98) 282( -2.54) 305( 0.64) 336( -2.98) 383( -5.94) 421( -4.25) ",0.249279616845238,-0.140924223969466,85.6339336516667,227.430899756667,821.65113634,42.922559275,111,114.338325896667,149,409.755799081667,270
"Trial 87",3.0946424,89,-2.89951658,170,5.53257687666667,445,-6.34658988333333,427,"9(1.91) 51(3.36) 89(3.09) 124(2.23) 153(4.42) 204(3.04) 228(0.9) 261(1.37) 278(2.3) 307(0.67) 332(1.62) 356(2.77) 387(1.66) 410(4.73) 445(5.53) ","34( -2.04) 68( -2.41) 109( -2.71) 137( -1.43) 170( -2.9) 219( 0.06) 243( -2.3) 266( 1.28) 294( -1.41) 318( -0.85) 343( 0.03) 372( -3.3) 396( 0.2) 427( -6.35) ",0.61523141827381,0.339415835776081,95.7455848966666,205.178429006667,755.754437578333,48.338665965,103,101.550509925,156,377.383962135,238
"Trial 88",5.76881997,119,-4.10808706333333,137,6.08071597333333,11,-4.67314823333333,281,"11(6.08) 46(3.35) 83(2.06) 119(5.77) 155(3.57) 188(0.81) 218(1.93) 263(6.06) 298(3.78) 327(0.68) 339(0.75) 371(3.37) 419(3.84) ","29( -3.89) 64( -0.41) 101( -2.63) 137( -4.11) 174( -0.36) 200( 0.17) 244( -2.27) 281( -4.67) 314( -0.06) 331( 0.66) 353( -0.53) 391( -1.89) ",1.28984148470238,0.830596450076336,127.61683963,233.422217685,820.822026916666,62.23131434,113,115.661826188333,138,410.92318612,212
"Trial 89",3.17980337,90,-3.93918482333333,212,8.07805284,391,-7.45140345666667,373,"18(4.77) 53(4.08) 90(3.18) 129(1.8) 156(0.85) 191(3.21) 232(5.34) 282(3.19) 308(-0.52) 335(2.82) 357(2.97) 391(8.08) 418(-0.34) 439(2.38) ","1( -1.83) 35( -4.36) 71( -2.79) 110( -1.96) 145( -0.11) 172( -1.31) 212( -3.94) 251( -2.8) 300( -1.07) 319( -1.52) 347( 0.63) 373( -7.45) 407( -2.42) 426( -0.95) ",0.495730779880952,0.148642929618321,83.826744215,190.784765363333,893.762458623333,40.9174612166667,95,93.8212434516667,191,447.95151894,234
"Trial 90",1.25413678,117,-3.11251855,164,3.33626405333333,64,-5.27302583,48,"32(2.18) 64(3.34) 87(-0.83) 117(1.25) 145(0.55) 184(1.87) 212(-0.63) 238(0.16) 273(0.49) 320(1.58) 349(2.27) 380(0.48) 406(2.1) 431(-0.79) ","1( -2.31) 48( -5.27) 79( -1.41) 100( -2.85) 131( -1.17) 164( -3.11) 201( -1.62) 223( -1.39) 253( -1.8) 303( -3.48) 334( -2.01) 365( -4.05) 392( -1.56) 421( -2.15) 445( -3.84) ",-0.899595685595238,-0.673471215699746,70.659253695,154.598234973333,642.51420824,36.5120524566667,100,77.0998764516667,166,320.900000095,209
"Trial 91",2.5569733,112,-4.24709526666667,158,4.78718328333333,326,-4.24709526666667,158,"42(2.32) 76(0.76) 112(2.56) 142(2.77) 178(2.44) 219(0.91) 240(0.68) 273(4.73) 326(4.79) 380(2.43) 409(0.38) 436(1.42) ","16( -3.96) 60( -1.33) 95( -2.6) 127( -2.34) 158( -4.25) 203( -2.35) 230( -0.28) 255( -3.75) 305( -3.87) 359( -2.66) 397( -1.2) 422( -1.67) ",-0.369538830059524,-0.106236330356234,80.65347062,204.751001681667,763.048931258334,40.0210588533333,107,101.017673331667,158,382.634172893333,253
"Trial 92",3.40073927333333,75,-2.45869978333333,143,3.69655792,0,-4.71832506,91,"33(1.84) 73(3.62) 111(1.72) 173(0.65) 204(0.47) 226(-0.2) 255(2.48) 287(1.38) 328(1.67) 371(2.06) 400(1.24) 443(1.8) ","16( -3.89) 54( -2.29) 91( -4.72) 143( -2.46) 189( -1.07) 217( -0.65) 239( -1.87) 271( -2.51) 303( -2.21) 352( -3.02) 386( -1.43) 416( -2.39) ",-0.196300343988095,-0.0775486705089058,109.08123919,107.033519028333,607.397913018333,54.9395503183333,94,54.70422722,143,304.055953218333,191
"Trial 93",4.81001281666667,115,-5.35796753666667,134,5.46677732666667,288,-5.79249588666667,305,"11(3.49) 44(1.45) 58(0.81) 87(-0.19) 115(4.81) 159(4.76) 197(1.58) 238(3.21) 266(-1.54) 288(5.47) 319(2.83) 344(4.42) 375(3.83) 402(0.94) 423(-0.15) 445(0.52) ","27( -3.07) 55( 0.79) 75( -1.32) 98( -1.62) 134( -5.36) 179( -3.68) 220( -1.64) 255( -2.45) 270( -1.6) 305( -5.79) 331( -1.77) 360( -5.59) 389( -1.64) 415( -0.4) 433( -0.66) ",0.298213909821429,0.0180405268702291,98.5654012933333,293.613800706667,840.77967456,47.7826814916667,113,147.463760853333,152,420.32287126,229
"Trial 94",2.25126210666667,112,-3.37824328666667,226,4.52256012,60,-3.99885050333333,19,"4(2.96) 33(1.22) 60(4.52) 89(-0.79) 112(2.25) 135(0.36) 162(0.45) 188(2.31) 212(0.51) 241(1.81) 266(2.57) 321(1.94) 368(3.07) 418(1.69) 437(0.98) ","19( -4) 45( -2.26) 76( -3.69) 96( -1.32) 126( -0.53) 149( -2.2) 173( -1.59) 202( -0.89) 226( -3.38) 253( -0.88) 283( -3.25) 347( -3.61) 399( -3.18) 429( 0.7) ",-0.451464751488095,-0.237546240534351,73.3095330566667,139.867796325,664.112062503333,36.2111750483333,94,69.515353645,175,332.211852141667,227
"Trial 95",1.40279066333333,82,-3.65473238666667,176,3.75280284666667,194,-3.65473238666667,176,"14(1.7) 48(1.77) 82(1.4) 108(0.86) 137(1.54) 161(1.1) 194(3.75) 233(0.87) 265(0.99) 293(0) 321(0.93) 350(1.23) 384(1.73) 409(0.2) 446(0.93) ","30( -1.91) 66( -2.1) 96( -1.01) 122( -2.01) 150( -0.44) 176( -3.65) 213( -2.49) 249( -0.96) 281( -0.91) 305( -0.76) 336( -1.07) 367( -2.38) 399( -0.42) 425( -1.66) ",-0.180965448988095,-0.179482565165394,48.2855954166667,175.758585908333,446.805352913334,24.1998645183333,108,88.69596024,180,223.121312693333,192
"Trial 96",0.405874126666667,96,-2.24604108,153,3.27492181333333,367,-2.80153981666667,391,"32(1.1) 61(1.62) 96(0.41) 109(0.28) 136(0.9) 171(1.37) 219(0.36) 252(1.37) 282(0.76) 313(2.05) 332(-0.25) 367(3.27) 413(2.56) 441(0.47) ","15( -1.88) 46( -0.86) 78( -2.07) 104( 0.27) 123( -0.36) 153( -2.25) 203( -0.8) 235( -1.13) 268( -1.19) 297( -2.16) 330( -0.26) 348( -2.68) 391( -2.8) 428( -1.02) ",-0.275556610535714,-0.0993053840458015,29.5301765633333,77.673471095,430.222547186667,15.047765725,83,38.9267683166667,158,214.444434926667,292
"Trial 97",7.24632994333333,112,-9.11584139333333,133,9.0355765,153,-9.11584139333333,133,"2(4.22) 54(3.76) 83(-0.3) 112(7.25) 153(9.04) 203(5.02) 237(2.87) 278(5.04) 328(4.24) 359(4.04) 386(5.44) 416(4.09) 445(3.43) ","21( -3.58) 71( -2.52) 94( -2.3) 133( -9.12) 172( -4.91) 221( -4.63) 256( -1.75) 296( -5.6) 345( -5.28) 372( -3.71) 401( -4.86) 430( -3.39) ",0.377675393630952,0.273444613689567,164.789163876667,522.558872448333,1290.83167544333,79.72541754,112,257.826705563333,151,645.154693801667,205
"Trial 98",8.40570769666667,109,-10.91159773,124,13.1872447366667,445,-15.1102170933333,326,"16(5.34) 52(10.63) 82(3.29) 109(8.41) 140(12.46) 182(10.4) 223(10.3) 259(9.09) 285(1.34) 310(12.5) 341(12.45) 365(2.26) 392(11.46) 419(2.35) 445(13.19) ","3( 0.84) 34( -9.79) 68( -6.8) 95( -4.33) 124( -10.91) 159( -10.85) 203( -10.87) 242( -10.03) 274( -4.86) 296( -5.28) 326( -15.11) 355( -5.33) 377( -7.33) 406( -7.66) 430( -5.97) ",-0.706284216964286,0.794384053053435,248.340563153333,887.723049771667,2519.20330638667,121.277341721667,111,447.966196765,164,1261.120260705,223
"Trial 99",6.56042393333333,122,-7.88889376333333,138,10.11225271,41,-10.6279179266667,23,"41(10.11) 65(-0.4) 93(5.71) 122(6.56) 155(3.69) 180(3.03) 213(5.54) 241(4.66) 280(4.1) 337(5.45) 369(0.72) 394(3.69) 442(3.33) ","23( -10.63) 56( -3.16) 78( -5.83) 107( -5.82) 138( -7.89) 168( -0.62) 197( -7.84) 227( -3.43) 258( -7.24) 306( -3.27) 354( -5.36) 379( -1.84) 410( -3.54) ",0.286815246369048,-0.639049775725191,214.698408905,448.345165806667,1435.72157519,106.801356665,104,222.463477601667,154,715.335269973334,192
"Trial 100",1.84266688333333,104,-2.10269574333333,186,3.95844857,388,-4.18519203,405,"17(3.64) 69(2.71) 104(1.84) 142(1.12) 168(0.54) 206(2.22) 254(1.44) 298(2.08) 345(1.65) 388(3.96) 422(2.55) 447(1.3) ","37( -2.7) 87( -2.52) 121( -1.41) 158( 0.2) 186( -2.1) 234( -1.31) 273( -1.38) 320( -2.38) 370( -2.43) 405( -4.19) 436( 0.13) ",-0.388801575059524,0.20026828648855,66.1996932833333,124.352936308333,604.034052733334,33.5973586916667,100,62.2762278833333,181,301.668297266667,237
"Average of Trials",0.402348660566667,114,-0.6867205399,200,0.8980214381,216,-0.7574653581,406,"11(0.22) 39(0.44) 68(0.03) 114(0.4) 164(0.46) 184(0.15) 216(0.9) 264(0.19) 281(0.14) 315(0.37) 342(0.35) 389(0.77) 422(0.34) 443(0.28) ","24( -0.43) 55( -0.16) 96( -0.3) 147( -0.53) 177( 0.06) 200( -0.69) 234( -0.6) 276( 0.12) 299( -0.41) 329( -0.15) 359( -0.3) 406( -0.76) 433( 0.02) ",0.0373658267375,0.05201999166514,9.84272081955,39.47533608775,110.673741014533,5.01049761266667,110,19.7536085338,183,55.3547133337834,228
