a_processed_IndivTrial.txt,b_processed_IndivTrial.txt,c_processed_IndivTrial.txt,d_processed_IndivTrial.txt,e_processed_IndivTrial.txt,Average ERP Waveform,95% CI Lower Bound,95% CI Upper Bound,Standard Error
-0.0502669651,-0.51543879,-0.799049686260869,-0.319956956666666,-1.2234833871,-0.581639157025507,-1.2234833871,-0.0502669651,0.201797896772116
-0.00318744700000001,-0.635351616,-0.613021250347826,-0.289747745,-1.2185711884,-0.551975849349565,-1.2185711884,-0.00318744700000001,0.203095998822663
0.0379465634,-0.7565765125,-0.412966574608695,-0.251430890098039,-1.1797844592,-0.512562374601347,-1.1797844592,0.0379465634,0.210463450041218
0.0715915605,-0.8755235588,-0.204566049826087,-0.206171924607843,-1.1085682295,-0.464647640446786,-1.1085682295,0.0715915605,0.224216118441508
0.09664551,-0.9881121616,0.00612335765217361,-0.155354412843137,-1.0075362083,-0.409646783018193,-1.0075362083,0.09664551,0.243511320522633
0.1125114914,-1.0899571844,0.212891444,-0.100533977941177,-0.8803868148,-0.349095008348235,-1.0899571844,0.212891444,0.266630799662823
0.1191321028,-1.1765832297,0.409610733304348,-0.0433854673529412,-0.7317662198,-0.284598416149718,-1.1765832297,0.409610733304348,0.291436469407153
0.1169931562,-1.2436536173,0.590471145391304,0.014351436372549,-0.5670896433,-0.217785504527229,-1.2436536173,0.590471145391304,0.31572629675986
0.1070957204,-1.2872021021,0.750204943739131,0.0709294956862745,-0.3923246055,-0.150259309554919,-1.2872021021,0.750204943739131,0.337433437250128
0.0909011429,-1.3038539873,0.884290341304348,0.12465051372549,-0.2137432982,-0.0835510575140324,-1.3038539873,0.884290341304348,0.354724378760586
0.0702430622000001,-1.2910252947,0.989124387478261,0.173921164215686,-0.0376656970000001,-0.0190804755612105,-1.2910252947,0.989124387478261,0.366052892803836
0.0472199255,-1.2470875015,1.06215647826087,0.217302567745098,0.1298131008,0.0418809141611937,-1.2470875015,1.06215647826087,0.370198266764332
0.024073029,-1.171489184,1.10197762817391,0.253557888137255,0.2830786051,0.0982395932822335,-1.171489184,1.10197762817391,0.366298452277014
0.00304518639999996,-1.0648280245,1.10836001504348,0.281691407843137,0.4172353379,0.149100784537323,-1.0648280245,1.10836001504348,0.353879221950436
-0.0137506326,-0.9288675642,1.0822457673913,0.30098024,0.5283147274,0.193784507598261,-0.9288675642,1.0822457673913,0.332880106937079
-0.0244697043,-0.7664970339,1.02568571730435,0.310998556666667,0.6134387825,0.231831263654203,-0.7664970339,1.02568571730435,0.303681266147129
-0.0276509994,-0.5816370476,0.941732194173913,0.31162835627451,0.6709301798,0.263000536649685,-0.5816370476,0.941732194173913,0.267145923201439
-0.0223174164,-0.3790948933,0.834289527217391,0.303065876176471,0.7003713103,0.287262880798772,-0.3790948933,0.834289527217391,0.224724175890738
-0.00804958540000001,-0.1643766537,0.707931852956522,0.285812302941176,0.7025961158,0.30478280651954,-0.1643766537,0.707931852956522,0.178762295694216
0.0149782195,0.0565340298000001,0.567695969652175,0.26065785627451,0.679629029,0.315899020845337,0.0149782195,0.679629029,0.133524592451359
0.0459835712999999,0.277420749,0.41886004626087,0.228654102352941,0.6345609468,0.321095883142762,0.0459835712999999,0.6345609468,0.098477906666742
0.0836112816000001,0.4920885089,0.266719712,0.191078466764706,0.571377329199999,0.320975059692941,0.0836112816000001,0.571377329199999,0.091689541342517
0.1259915043,0.6946153714,0.116370140347826,0.149390040490196,0.4947412286,0.316221657027605,0.116370140347826,0.6946153714,0.118112651420877
0.1708375852,0.8795898288,-0.0274931732173911,0.105177968823529,0.4097445569,0.307571353301228,-0.0274931732173911,0.8795898288,0.159620165110211
0.2155627206,1.0423205464,-0.160746831826087,0.0601064069607843,0.3216449735,0.295777563126939,-0.160746831826087,1.0423205464,0.203517245803788
0.2574235816,1.1790101594,-0.279979054086957,0.0158544101960785,0.2355877377,0.281579366961824,-0.279979054086957,1.1790101594,0.244339760583882
0.2936718518,1.2868837286,-0.382588084086956,-0.0259452357843137,0.1563448244,0.265673416985746,-0.382588084086956,1.2868837286,0.279364597477254
0.3217126402,1.3642676307,-0.466837308869565,-0.0637658617647059,0.08806918,0.248689256053146,-0.466837308869565,1.3642676307,0.307022214115197
0.3392553538,1.4106142496,-0.531866633913044,-0.0962448314705882,0.0340902798,0.231169683563274,-0.531866633913044,1.4106142496,0.326422806670616
0.3444530137,1.4264736376,-0.577663108173913,-0.122236189901961,-0.00325292869999981,0.213554884904825,-0.577663108173913,1.4264736376,0.337201231262079
0.3360192304,1.4134156411,-0.604990058956522,-0.140856543921569,-0.0227179588999999,0.196174061944382,-0.604990058956522,1.4134156411,0.339455521966006
0.3133156757,1.3739056311,-0.615282791391304,-0.151521057843137,-0.0242132527000001,0.179240840973112,-0.615282791391304,1.3739056311,0.333711314342381
0.2764084606,1.3111444347,-0.61051748226087,-0.153970523529412,-0.00878154070000003,0.162856669761944,-0.61051748226087,1.3111444347,0.320889819488359
0.2260803595,1.2288788987,-0.593063999913043,-0.148286083039216,0.0214696444999998,0.147015763949548,-0.593063999913043,1.2288788987,0.302271576436187
0.1638117075,1.1311961109,-0.565528440695652,-0.134889643627451,0.0635020165000001,0.131618350115379,-0.565528440695652,1.1311961109,0.279452330969616
0.0917185863000001,1.022310613,-0.530596017478261,-0.114534293333333,0.1135219033,0.116484158357681,-0.530596017478261,1.022310613,0.254285858181873
0.0124543755,0.9063578544,-0.490882163739131,-0.0882780948039215,0.1672073081,0.101371855891389,-0.490882163739131,0.9063578544,0.228798493269603
-0.0709164137,0.7872030941,-0.448801862434783,-0.0574477581372549,0.2199535482,0.0859981216055924,-0.448801862434783,0.7872030941,0.205041749955945
-0.1550701059,0.6682761226,-0.406461664956522,-0.023589174509804,0.2671408792,0.0700592112867348,-0.406461664956522,0.6682761226,0.184828303017092
-0.2365894034,0.5524392493,-0.365580910695653,0.0115915460784313,0.3044007775,0.0532522517565557,-0.365580910695653,0.5524392493,0.1693263502723
-0.3121431332,0.4418957228,-0.327444125217391,0.0462948594117647,0.3278692344,0.0352945116388748,-0.327444125217391,0.4418957228,0.158640750862931
-0.3786500183,0.3381399239,-0.292885896695652,0.0787010469607843,0.334413173,0.0159436457730265,-0.3786500183,0.3381399239,0.151698981348406
-0.4334434672,0.2419509158,-0.262307906347826,0.107044991862745,0.3218174369,-0.00498760579701624,-0.4334434672,0.3218174369,0.146649179091675
-0.474407229,0.1534287467,-0.235722971043478,0.129692890490196,0.288922703,-0.0276171719706564,-0.474407229,0.288922703,0.141536382519337
-0.5000861469,0.0720705420000001,-0.212824291217392,0.145213025196078,0.2357064345,-0.0519840872842626,-0.5000861469,0.2357064345,0.134853089615154
-0.5097579699,-0.00312154139999988,-0.193070801913043,0.152442474509804,0.1633018332,-0.0780412011006479,-0.5097579699,0.1633018332,0.12581600014776
-0.5034700181,-0.0735059145,-0.175784035217391,0.150544972941176,0.0739544163000001,-0.105652115715243,-0.5034700181,0.150544972941176,0.114478470120369
-0.4820307561,-0.1406515963,-0.160247057478261,0.139054198921569,-0.0290831090999999,-0.134591664011338,-0.4820307561,0.139054198921569,0.101838833006976
-0.4469626217,-0.2061793741,-0.145798927652174,0.117907323039216,-0.14171275,-0.164549270082592,-0.4469626217,0.117907323039216,0.0900403175585796
-0.40041504,-0.2716054926,-0.131918367217391,0.0874586531372549,-0.2591929074,-0.195134630816027,-0.40041504,0.0874586531372549,0.082445910151597
-0.3450446184,-0.3381964655,-0.11828826,0.0484795106862745,-0.3763902173,-0.225888010102745,-0.3763902173,0.0484795106862745,0.0825583561827494
-0.2838635589,-0.4068434313,-0.104839465043478,0.00213903539215689,-0.4880400108,-0.256289486130264,-0.4880400108,0.00213903539215689,0.0913393494621656
-0.2200773463,-0.4779631725,-0.0917682439999999,-0.0500311233333333,-0.5890238723,-0.285772751686667,-0.5890238723,-0.0500311233333333,0.106401633125623
-0.1569033376,-0.5514307065,-0.079527386,-0.106187891764706,-0.6746445637,-0.313738777112941,-0.6746445637,-0.079527386,0.124354360782177
-0.0973960993,-0.6265475091,-0.0687915891304348,-0.164243613137255,-0.7408724511,-0.339570252353538,-0.7408724511,-0.0687915891304348,0.142497058897971
-0.0442801436,-0.7020465162,-0.0603998323478262,-0.221942601470588,-0.7845653287,-0.362646884463683,-0.7845653287,-0.0442801436,0.159015037191932
0.000196370899999989,-0.7761334521,-0.0552785280869566,-0.276948911078431,-0.8036401306,-0.382360930193078,-0.8036401306,0.000196370899999989,0.172768290473887
0.0343827946,-0.846562933,-0.0543520364347828,-0.326938331078431,-0.7971910955,-0.398132320282643,-0.846562933,0.0343827946,0.183120276425538
0.0573090006,-0.9107429711,-0.0584461760869566,-0.369691946372549,-0.7655471921,-0.409423857011901,-0.9107429711,0.0573090006,0.189835218222202
0.0687311628999999,-0.9658637582,-0.0681932939130435,-0.403190335686275,-0.7102636717,-0.415755979319864,-0.9658637582,0.0687311628999999,0.193007623673135
0.0691336012999999,-1.0090431368,-0.0839450724347828,-0.425699020588235,-0.6340502773,-0.416720781164604,-1.0090431368,0.0691336012999999,0.192996456565888
0.0596919043,-1.0374808242,-0.105701246956522,-0.435845790294118,-0.540637660299999,-0.411994723490128,-1.0374808242,0.0596919043,0.190348983365168
0.0421907236,-1.04861451,-0.133059321304348,-0.432685540490196,-0.4345906543,-0.401351860498909,-1.04861451,0.0421907236,0.185707628390829
0.0189114483000001,-1.0402683517,-0.165191233565217,-0.415748115490196,-0.3210774414,-0.384674738771083,-1.0402683517,0.0189114483000001,0.179703641551702
-0.00751228320000002,-1.0107876701,-0.200849109913043,-0.385069188627451,-0.2056021218,-0.361964074728099,-1.0107876701,-0.00751228320000002,0.172850957319875
-0.0342613357,-0.959151644,-0.238401848956522,-0.341200149019608,-0.0937235505,-0.333347705635226,-0.959151644,-0.0342613357,0.165465908610463
-0.058503815,-0.8850599407,-0.275901076782609,-0.285199461960784,0.00923321679999998,-0.299086215528679,-0.8850599407,0.00923321679999998,0.157644594415747
-0.0775732952,-0.7889882012,-0.311174406173913,-0.218601388137255,0.0984520087,-0.259577056402234,-0.7889882012,0.0984520087,0.149319729553573
-0.0891372253,-0.6722105589,-0.341940426173913,-0.143367089509804,0.1698778069,-0.215355498596743,-0.6722105589,0.1698778069,0.140402701760906
-0.0913435653,-0.5367871528,-0.365940076086957,-0.0618163680392157,0.2204336208,-0.167090708285234,-0.5367871528,0.2204336208,0.130998464529098
-0.082944662,-0.3855177073,-0.381074712260869,0.0234545459803921,0.2481750618,-0.115581494756095,-0.3855177073,0.2481750618,0.121669064124197
-0.0633799438,-0.2218630493,-0.385544492521739,0.109667505196078,0.2524020596,-0.0617435841651321,-0.385544492521739,0.2524020596,0.113700746719866
-0.0328251216999999,-0.0498379743,-0.377976779130435,0.193966450686274,0.2336945987,-0.00659576514883203,-0.377976779130435,0.2336945987,0.109189373732671
0.00780698120000006,0.1261199276,-0.357535138434783,0.273524123431373,0.1938902103,0.048761220819318,-0.357535138434783,0.273524123431373,0.11052581978411
0.0569069857,0.3013008374,-0.324003839565217,0.345649451568628,0.1359883343,0.103168353880682,-0.324003839565217,0.345649451568628,0.119110644342883
0.1122494594,0.4708856897,-0.277838366521739,0.407891045490196,0.0640006418999999,0.155437693993691,-0.277838366521739,0.4708856897,0.134386427029596
0.1711131166,0.6301160516,-0.220178687652174,0.458130881470588,-0.0172551012,0.204385252163683,-0.220178687652174,0.6301160516,0.154291862749976
0.2304306033,0.7744645869,-0.152822750521739,0.494666844901961,-0.1024035345,0.248867150016044,-0.152822750521739,0.7744645869,0.176317317912086
0.2869610683,0.89979786,-0.0781596911304348,0.516278649215686,-0.1857877115,0.28781803497705,-0.1857877115,0.89979786,0.198110624650495
0.3374718279,1.002527432,0.000936276869565073,0.522275053823529,-0.2617658807,0.320288941978619,-0.2617658807,1.002527432,0.217636961420752
0.3789282,1.0797431436,0.0812440675652175,0.512522248235294,-0.3250025733,0.345487017220102,-0.3250025733,1.0797431436,0.233187882154129
0.408668198,1.1293245928,0.159360688608696,0.487447793235294,-0.3707520063,0.362809853268798,-0.3707520063,1.1293245928,0.243381081248532
0.4245626888,1.1500258859,0.231884682521739,0.448026091470588,-0.3951049029,0.371878889158466,-0.3951049029,1.1500258859,0.24717900829912
0.4251461365,1.1415312727,0.295606761391304,0.395739310588235,-0.3952011938,0.372564457475908,-0.3952011938,1.1415312727,0.243926059695087
0.4097113196,1.1044795101,0.34769676973913,0.332521108921568,-0.3693851351,0.36500471465214,-0.3693851351,1.1044795101,0.233399320333839
0.3783618578,1.0404563056,0.385876724,0.260681865098039,-0.3173035155,0.349614647399608,-0.3173035155,1.0404563056,0.215881033532769
0.3320242507,0.9519537108,0.408567786869565,0.182818759411765,-0.2399362731,0.327085646936266,-0.2399362731,0.9519537108,0.19228242493916
0.2724067926,0.8422980091,0.415003190782609,0.101716981176471,-0.1395597069,0.298373053351816,-0.1395597069,0.8422980091,0.164406494148715
0.2019227252,0.7155494871,0.405297228608696,0.0202422190196078,-0.0196491748000002,0.264672497025661,-0.0196491748000002,0.7155494871,0.135570624224299
0.1235661455,0.5763732702,0.380466213478261,-0.0587687448039216,0.1152860053,0.227384577934868,-0.0587687448039216,0.5763732702,0.111905132921601
0.0407620694,0.4298874067,0.342398266521739,-0.132615119215686,0.2599094948,0.188068423641211,-0.132615119215686,0.4298874067,0.102954445541571
-0.0428165664,0.2814920614,0.293769964521739,-0.198834937941176,0.4083154281,0.148385189936113,-0.198834937941176,0.4083154281,0.114790641921127
-0.1234389988,0.1366845867,0.237914922695652,-0.255296417058823,0.5543048229,0.110033783287366,-0.255296417058823,0.5543048229,0.141847859172776
-0.1975159426,0.000865249099999996,0.178649049999999,-0.300275254019608,0.6916848033,0.0746815811560784,-0.300275254019608,0.6916848033,0.174876410898656
-0.2617932603,-0.1208596549,0.120060127478261,-0.332517896078431,0.814558167400001,0.0438894967199661,-0.332517896078431,0.814558167400001,0.207605265011507
-0.3135228017,-0.2238702495,0.0662748052173915,-0.351284648431373,0.9176036656,0.0190401542372038,-0.351284648431373,0.9176036656,0.236261670567068
-0.350612049,-0.3042157282,0.021213348173913,-0.356371616372549,0.9963232953,0.00126744998027275,-0.356371616372549,0.9963232953,0.258416217553693
-0.3717354097,-0.3587798164,-0.0116534652173914,-0.348113103235294,1.0472458751,-0.00860718389053723,-0.3717354097,1.0472458751,0.272450198404943
-0.3764051911,-0.3854229203,-0.0295310777391306,-0.327362892254902,1.0680862261,-0.0101271710588065,-0.3854229203,1.0680862261,0.277359480780251
-0.3649950895,-0.3830937531,-0.0304992208695652,-0.295454809607843,1.0578347546,-0.00324162369548162,-0.3830937531,1.0578347546,0.272687349673224
-0.3387187958,-0.3519056058,-0.0136681506086957,-0.254145925196078,1.0167915977,0.0116706240590452,-0.3519056058,1.0167915977,0.258508131736719
-0.2995631509,-0.2931740779,0.0207163946956522,-0.205542947745098,0.9465336054,0.0337939647101109,-0.2995631509,0.9465336054,0.235433844169011
-0.2501777886,-0.2094090928,0.0712282436521739,-0.152016214705882,0.8498162212,0.0618882737492583,-0.2501777886,0.8498162212,0.204653402605444
-0.1937237456,-0.1042619462,0.135279617652174,-0.096104463627451,0.7304230461,0.0943225016649445,-0.1937237456,0.7304230461,0.168072936635896
-0.1337058808,0.0175740368,0.209204344869565,-0.0404129380392158,0.5929690826,0.12912572908607,-0.1337058808,0.5929690826,0.128808158934645
-0.0737760134,0.1505086628,0.288405040260869,0.0124892050980392,0.4426579891,0.164056976771782,-0.0737760134,0.4426579891,0.0929520958342163
-0.0175311689,0.288242627,0.367555702173913,0.0601701154901961,0.2850215408,0.196691763312822,-0.0175311689,0.367555702173913,0.0741309047718944
0.0316821516,0.4239940769,0.440852006086956,0.100429782058824,0.1256466972,0.224520942769156,0.0316821516,0.440852006086956,0.0862989548543551
0.0709538659,0.5507544328,0.50229768626087,0.131386747647059,-0.0300946511999998,0.245059616281586,-0.0300946511999998,0.5507544328,0.118017996463624
0.0979653141,0.6615676223,0.546010690869565,0.151550112156863,-0.1772976632,0.255959215245286,-0.1772976632,0.6615676223,0.153659183700857
0.1111221293,0.7498221296,0.566536417217391,0.159876942745098,-0.3117525243,0.255121018912498,-0.3117525243,0.7498221296,0.18612649831039
0.109635995,0.8095428798,0.559148636956522,0.155812803333333,-0.4301181533,0.240804432357971,-0.4301181533,0.8095428798,0.212058047018903
0.0935685017,0.8356735276,0.520123895826087,0.139313895098039,-0.5300608464,0.211723794764825,-0.5300608464,0.8356735276,0.229550888928436
0.0638277427,0.8243340556,0.446973423913044,0.110848398627451,-0.6103239957,0.167131925028099,-0.6103239957,0.8243340556,0.237539807509411
0.0221150006,0.7730431288,0.338620151478261,0.071380648137255,-0.6707458834,0.106882609123103,-0.6707458834,0.7730431288,0.235650603180357
-0.0291683888,0.6808937902,0.195509708173913,0.0223336898039215,-0.7122117161,0.0314714166555669,-0.7122117161,0.6808937902,0.224219007484555
-0.0870519379000001,0.5486711618,0.0196494156521741,-0.0344615889215686,-0.7365542083,-0.0579494315338788,-0.7365542083,0.5486711618,0.204439869279272
-0.1481628698,0.3789043505,-0.185429019130435,-0.096835318627451,-0.7463987845,-0.159584328311577,-0.7463987845,0.3789043505,0.17875361523258
-0.2089051847,0.1758475871,-0.414781347217391,-0.162358362254902,-0.7449696225,-0.271033385914459,-0.7449696225,0.1758475871,0.151764918693932
-0.2656621422,-0.0546125189999997,-0.662232479130435,-0.228432107156863,-0.7358645323,-0.389360755957459,-0.7358645323,-0.0546125189999997,0.131867282432653
-0.3149883643,-0.305123906099999,-0.920619462521738,-0.292385039705882,-0.7228067663,-0.511184707785524,-0.920619462521738,-0.292385039705882,0.130623135006005
-0.353797009,-0.5671062191,-1.18208455869565,-0.351571741568628,-0.7094006202,-0.632792029712856,-1.18208455869565,-0.351571741568628,0.153105985561489
-0.3795266629,-0.831050822,-1.43840299165217,-0.403470519705882,-0.69888756,-0.750267711251611,-1.43840299165217,-0.3795266629,0.192407537801101
-0.3902788262,-1.0868722875,-1.68132715608696,-0.445777786568628,-0.6939281275,-0.859636836771117,-1.68132715608696,-0.3902788262,0.239358158705256
-0.3849179765,-1.3243005609,-1.90293260826087,-0.476494143137255,-0.6964178721,-0.957012632179625,-1.90293260826087,-0.3849179765,0.287729470691043
-0.3631306586,-1.5332959575,-2.09594473286956,-0.494000133137255,-0.7073505162,-1.03874439966136,-2.09594473286956,-0.3631306586,0.333562283308049
-0.3254420133,-1.7044706716,-2.25403148878261,-0.497118919901961,-0.7267254492,-1.10155770855691,-2.25403148878261,-0.3254420133,0.37415911718295
-0.2731836315,-1.8294972686,-2.37204617956522,-0.485162502254902,-0.753525227,-1.14268296178402,-2.37204617956522,-0.2731836315,0.407606047298517
-0.2084206681,-1.901486012,-2.44620830347826,-0.457962149607843,-0.7857438698,-1.15996420059722,-2.44620830347826,-0.2084206681,0.432583016240517
-0.1338451028,-1.9153129709,-2.47421315173913,-0.415880091372549,-0.8204754791,-1.15194535918234,-2.47421315173913,-0.1338451028,0.448292020773068
-0.0526262473000001,-1.8678820551,-2.45526543408696,-0.359801979901961,-0.8540649487,-1.11792813301778,-2.45526543408696,-0.0526262473000001,0.454430913003718
0.0317483051,-1.7583068583,-2.39003615782609,-0.291112383431373,-0.8822991324,-1.05800124537149,-2.39003615782609,0.0317483051,0.451181161027384
0.1156602766,-1.5880031603,-2.28054747973913,-0.211651783431373,-0.9006383583,-0.973036101034101,-2.28054747973913,0.1156602766,0.439202561715164
0.1955397169,-1.3606838368,-2.1299915093913,-0.123657434117647,-0.9044792922,-0.86465447112179,-2.1299915093913,0.1955397169,0.419630628861253
0.2680475681,-1.0822540586,-1.94249705521739,-0.0296911649019608,-0.8894241264,-0.73516376740387,-1.94249705521739,0.2680475681,0.394084139050731
0.3302399089,-0.7606090996,-1.72285800869565,0.0674448018627452,-0.8515580507,-0.587468089646581,-1.72285800869565,0.3302399089,0.364686882900703
0.3797059527,-0.4053427277,-1.47623967765217,0.164800995,-0.7877044929,-0.424955990110435,-1.47623967765217,0.3797059527,0.334100485761681
0.4146799646,-0.0273760649000002,-1.2078836733913,0.259379142647059,-0.6956535885,-0.251370843908849,-1.2078836733913,0.4146799646,0.305529608991612
0.4341123507,0.3614759888,-0.922827000173913,0.348232227058823,-0.5743565291,-0.0706725925430178,-0.922827000173913,0.4341123507,0.282569117700218
0.4377033994,0.7489833071,-0.625656442869565,0.428563752549019,-0.4240570341,0.113107396415891,-0.625656442869565,0.7489833071,0.268656945491238
0.4258969067,1.1230008858,-0.320311600956522,0.497821932352941,-0.2463742632,0.296006772139284,-0.320311600956522,1.1230008858,0.266039996475052
0.3998356053,1.4719707029,-0.00995048843478261,0.55378542627451,-0.0443137719000002,0.474265494827946,-0.0443137719000002,1.4719707029,0.27483344815485
0.3612778568,1.7853975376,0.303112628695652,0.594638978431373,0.1777850213,0.644442404565405,0.1777850213,1.7853975376,0.293148109938924
0.3124874911,2.0542793345,0.617393927652174,0.619034487352942,0.4143671704,0.803512482201023,0.3124874911,2.0542793345,0.318247512270158
0.2560998317,2.2714712583,0.932149743043478,0.62613670382353,0.6588474871,0.948941004793401,0.2560998317,2.2714712583,0.347689083433547
0.1949713447,2.43196363,1.24721466521739,0.615651318235294,0.903840046400001,1.07872820091054,0.1949713447,2.43196363,0.379847736728352
0.1320271241,2.5330615126,1.56277814165217,0.587835092745098,1.1414428858,1.19142895137945,0.1320271241,2.5330615126,0.413946526439085
0.0701029218,2.574456176,1.87911346565217,0.543486799117647,1.3635470309,1.28614127869396,0.0701029218,2.574456176,0.449869308859439
0.0118080014999999,2.5581853475,2.19627600086957,0.483919838823529,1.5621707584,1.36247198941862,0.0118080014999999,2.5581853475,0.487902974581735
-0.0406014180999998,2.4884836071,2.51379100843478,0.410918421666667,1.7297902115,1.42047636612029,-0.0406014180999998,2.51379100843478,0.528469817661304
-0.08532094,2.3715304624,2.83035353878261,0.326675887058823,1.8596667323,1.46058113610829,-0.08532094,2.83035353878261,0.571879741118054
-0.1210646337,2.215106941,3.1435626846087,0.233720598137255,1.94613831,1.48349278000919,-0.1210646337,3.1435626846087,0.61812892084135
-0.1471042114,2.028180987,3.44970971043478,0.13483231127451,1.9848819523,1.49010014992186,-0.1471042114,3.44970971043478,0.666768276241908
-0.1632719491,1.8204398009,3.74364122886957,0.0329472392156862,1.973114439,1.48137415177705,-0.1632719491,3.74364122886957,0.716848229081726
-0.1699318688,1.60179483,4.01871200626087,-0.068939388137255,1.9097391725,1.45827495036472,-0.1699318688,4.01871200626087,0.766932099296456
-0.1679220683,1.3818841336,4.26683780817392,-0.167872082156863,1.7954226809,1.42167009444341,-0.1679220683,4.26683780817392,0.815159518525794
-0.158472265,1.1695971111,4.47865482443478,-0.261031676862745,1.6325963345,1.37226886563441,-0.261031676862745,4.47865482443478,0.859340416461996
-0.1431058483,0.9726466727,4.64378727147826,-0.345826608431373,1.4253892815,1.31057815378938,-0.345826608431373,4.64378727147826,0.897065666978732
-0.1235237015,0.7972111714,4.75121279121739,-0.419974910098039,1.1794898268,1.23688303556387,-0.419974910098039,4.75121279121739,0.925824057323341
-0.1014914275,0.647664177,4.78971875173913,-0.481573443333333,0.9019457032,1.15125275222116,-0.481573443333333,4.78971875173913,0.943124584881218
-0.0787255349000001,0.5264061279,4.74842674982609,-0.529154814705882,0.6009028484,1.05357107530404,-0.529154814705882,4.74842674982609,0.946622594209408
-0.0567888287,0.4338065355,4.61736641313044,-0.561727294901961,0.285304947,0.943592354405695,-0.561727294901961,4.61736641313044,0.934253431478012
-0.0370031979000001,0.3682591011,4.38806876973913,-0.578797081078431,-0.0354385926999999,0.82101779983214,-0.578797081078431,4.38806876973913,0.904379410061649
-0.0203874415000001,0.3263456869,4.0541521533913,-0.580373307254902,-0.3518063055,0.68558615720728,-0.580373307254902,4.0541521533913,0.855965121823571
-0.00760964369999995,0.3031024131,3.61186776895652,-0.566955552450981,-0.6545157394,0.537177849301108,-0.6545157394,3.61186776895652,0.788813888145035
0.00102367639999997,0.2923700264,3.06057590947826,-0.539503939509804,-0.9348659329,0.375919947973691,-0.9348659329,3.06057590947826,0.703955465734519
0.00555938999999993,0.2872103982,2.40312400365217,-0.499394555490196,-1.1850492717,0.202289992932395,-1.1850492717,2.40312400365217,0.604427670974271
0.00636305679999989,0.2803670039,1.64610103208696,-0.448360119117647,-1.3984295136,0.0172082920138623,-1.3984295136,1.64610103208696,0.497164259956305
0.00406188009999994,0.2647417996,0.799948066869565,-0.388421520196078,-1.5697628106,-0.177886516845303,-1.5697628106,0.799948066869565,0.397921482426573
-0.00052569679999996,0.233863348,-0.121090087304347,-0.321808981666667,-1.6953658388,-0.380985451314203,-1.6953658388,0.233863348,0.340692818285343
-0.0064746040999999,0.1823204897,-1.09917733686957,-0.250880715,-1.7732128806,-0.589485009373913,-1.7732128806,0.1823204897,0.36818715832116
-0.0128396238000001,0.1061355228,-2.11326654252174,-0.17803662745098,-1.8029722054,-0.800195895274544,-2.11326654252174,0.1061355228,0.477397294973958
-0.0187417411999999,0.00305781640000002,-3.13963456130435,-0.10563706745098,-1.7859643418,-1.00938397907107,-3.13963456130435,0.00305781640000002,0.631039361522526
-0.0234455599,-0.1272411843,-4.15256098408696,-0.0359230954901961,-1.7250683627,-1.21284783729543,-4.15256098408696,-0.0234455599,0.802578802437473
-0.0264272986,-0.2830824318,-5.12512601426087,0.0290545606862745,-1.6245542158,-1.40602707995492,-5.12512601426087,0.0290545606862745,0.977323143773237
-0.0274163834,-0.4608072439,-6.03009542547826,0.0874975142156863,-1.4898755986,-1.58413942743252,-6.03009542547826,0.0874975142156863,1.14575395048522
-0.0264231218,-0.6549204818,-6.84086406565217,0.137909208039216,-1.3274144467,-1.74234258158259,-6.84086406565217,0.137909208039216,1.30056333733826
-0.0237442369,-0.858339398,-7.53241413495652,0.179132142156863,-1.1442010261,-1.87591333075993,-7.53241413495652,0.179132142156863,1.43562883784956
-0.0199372013,-1.0627376874,-8.08225248252174,0.210370005196078,-0.9476123092,-1.98043393504513,-8.08225248252174,0.210370005196078,1.54570769952935
-0.015779157,-1.2589657206,-8.47128561652174,0.231197667843137,-0.7450702454,-2.05198061433572,-8.47128561652174,0.231197667843137,1.62639760649538
-0.0122067633999999,-1.4375237787,-8.68459267286956,0.241555186764706,-0.5437506157,-2.08730372878097,-8.68459267286956,0.241555186764706,1.67419537199923
-0.0102384489,-1.5890635992,-8.71206373826087,0.241729388431373,-0.3503095441,-2.0839891884059,-8.71206373826087,0.241729388431373,1.68658497732272
-0.0108913721000001,-1.7048913019,-8.54887217721739,0.232325291176471,-0.1706434963,-2.04059461126818,-8.54887217721739,0.232325291176471,1.66212139872135
-0.0150888116,-1.7774436002,-8.19576044556522,0.214226328529412,-0.00969212349999994,-1.95675173046716,-8.19576044556522,0.214226328529412,1.60049403136783
-0.0235779945999999,-1.8007119071,-7.65912016252174,0.188546970196078,0.1287094918,-1.83323072044513,-7.65912016252174,0.188546970196078,1.50255919483192
-0.036851191,-1.7705910904,-6.95086554252174,0.156581056078431,0.241929689,-1.67195941576866,-6.95086554252174,0.241929689,1.37034099354053
-0.0550846517,-1.6851334476,-6.08809697808696,0.119746804215686,0.3285775651,-1.47599814161425,-6.08809697808696,0.3285775651,1.20700215022236
-0.0780953687,-1.5446937977,-5.09257014895652,0.0795313827450981,0.3884940852,-1.24946676948228,-5.09257014895652,0.3884940852,1.01680542367216
-0.1053220009,-1.351956886,-3.98998791817391,0.0374362424509804,0.422682475,-0.997429617524586,-3.98998791817391,0.422682475,0.805127830533604
-0.1358309202,-1.1118464242,-2.80914501678261,-0.00507165980392145,0.4331943366,-0.725739936877306,-2.80914501678261,0.4331943366,0.578797849439049
-0.168344737,-0.8313188548,-1.58095626730435,-0.0466040494117645,0.422979734,-0.440848834903222,-1.58095626730435,0.422979734,0.348439307811929
-0.2013013217,-0.5190539487,-0.337410404434783,-0.085889907745098,0.3956976784,-0.149591580835976,-0.5190539487,0.3956976784,0.154248262301177
-0.2329278042,-0.1850578889,0.88951030026087,-0.121804875098039,0.3555105481,0.141046056032566,-0.2329278042,0.88951030026087,0.214649084121042
-0.2613365732,0.1597998836,2.06889957817391,-0.153393082058824,0.3068642927,0.424166819843018,-0.2613365732,2.06889957817391,0.42380927009315
-0.2846296769,0.5042918847,3.17194361747826,-0.179880845294118,0.2542662089,0.693198237776828,-0.2846296769,3.17194361747826,0.6360400973844
-0.3010134122,0.8373524521,4.17284573330435,-0.200682815098039,0.2020701583,0.942114423281261,-0.3010134122,4.17284573330435,0.832094277281625
-0.308903691,1.1485842929,5.04961990060869,-0.215400334019608,0.154279587,1.16563595109782,-0.308903691,5.04961990060869,1.00473857672619
-0.3070359869,1.4287268445,5.78472614208696,-0.223815786862745,0.1143786655,1.35939597566484,-0.3070359869,5.78472614208696,1.14939064126807
-0.2945445423,1.6700612171,6.36552219947826,-0.225879797352941,0.0851884399000001,1.52006950336506,-0.2945445423,6.36552219947826,1.26295202019224
-0.2710370115,1.8667293626,6.78451958530435,-0.221697010784314,0.0687667397000002,1.64545633306401,-0.2710370115,6.78451958530435,1.3435790130683
-0.2366322959,2.0149539023,7.03943544243478,-0.211508812058823,0.0663431965000001,1.73451828665519,-0.2366322959,7.03943544243478,1.39061235403073
-0.1919792994,2.1131463724,7.13304499513044,-0.195676162058823,0.0782952537999999,1.78736623197432,-0.195676162058823,7.13304499513044,1.40452133512268
-0.1382389462,2.1619005384,7.07284581547826,-0.17466138127451,0.1041670408,1.80520261344075,-0.17466138127451,7.07284581547826,1.38682455390616
-0.0770420504,2.1638738838,6.87055208721739,-0.149013356568627,0.1427199053,1.79021809386975,-0.149013356568627,6.87055208721739,1.33998025133582
-0.0104159854,2.1235630167,6.54144641582608,-0.119352685588235,0.1920225573,1.74545266376757,-0.119352685588235,6.54144641582608,1.26724587804763
0.0593076763,2.0469892155,6.10362280582609,-0.0863610523529413,0.2495644815,1.67462462535463,-0.0863610523529413,6.10362280582609,1.17251430880845
0.1296057929,1.9413118242,5.577153092,-0.050770933627451,0.3123911973,1.58193819455451,-0.050770933627451,5.577153092,1.06013323603303
0.1978930814,1.814392627,4.98321830791304,-0.013359695,0.3772555068,1.47187996562261,-0.013359695,4.98321830791304,0.93471904906643
0.2616455841,1.6743369275,4.34324354686956,0.0250572084313725,0.4407724265,1.34901113868019,0.0250572084313725,4.34324354686956,0.800980024723909
0.3185344226,1.5290357677,3.67807244695652,0.0636303673529411,0.4995795192,1.21777050476189,0.0636303673529411,3.67807244695652,0.663567441586052
0.3665384014,1.3857365971,3.00721626347826,0.101481425980392,0.5504859956,1.08229173671173,0.101481425980392,3.00721626347826,0.526997261186886
0.4040474393,1.250664731,2.3482086233913,0.137709301372549,0.5906055069,0.946247120392771,0.137709301372549,2.3482086233913,0.395749983812289
0.4299399338,1.1287174381,1.7160876673913,0.171397167254902,0.6174763579,0.812723712889241,0.171397167254902,1.7160876673913,0.274942099174134
0.4436332279,1.0232458716,1.12302362973913,0.201624209117647,0.6291586447,0.684137116611356,0.201624209117647,1.12302362973913,0.173392557203651
0.4451050821,0.9359356646,0.578102618434783,0.227479611764706,0.6243013908,0.562184873539898,0.227479611764706,0.9359356646,0.116089788517493
0.4348821112,0.8667912857,0.0872664013913044,0.24807955627451,0.6021840662,0.447840684153163,0.0872664013913044,0.8667912857,0.135909479494934
0.4139992628,0.8142231678,-0.346595643478261,0.26258970627451,0.5627325501,0.34138980869925,-0.346595643478261,0.8142231678,0.194598248453596
0.3839271472,0.7752299959,-0.723416212608696,0.270251428333334,0.5065093728,0.242500346324927,-0.723416212608696,0.7752299959,0.255662678834559
0.3464829702,0.7456650215,-1.04560050078261,0.270408332058824,0.4346730467,0.150325773935243,-1.04560050078261,0.7456650215,0.309711100236349
0.3037132023,0.7205684242,-1.31758042069565,0.262537850294118,0.3489236718,0.0636325455796929,-1.31758042069565,0.7205684242,0.354817352697174
0.2577724426,0.6945433182,-1.545300202,0.246282040196078,0.2514245081,-0.0190555785807843,-1.545300202,0.6945433182,0.391078209476231
0.2107960712,0.6621549879,-1.73566604973913,0.221477310980392,0.1447106454,-0.0993054068517478,-1.73566604973913,0.6621549879,0.419291449881373
0.1647756752,0.6183271403,-1.89598692686956,0.188181437156863,0.0315922359999999,-0.178622087642541,-1.89598692686956,0.6183271403,0.44051827284044
0.1214444254,0.5587113933,-2.03343909121739,0.146697071078431,-0.0849514619,-0.258307532667792,-2.03343909121739,0.5587113933,0.455900459614393
0.0821844202000001,0.4800081128,-2.15458024826087,0.0975879649019609,-0.2018791978,-0.339335789631782,-2.15458024826087,0.4800081128,0.466578655975938
0.047956473,0.3802199024,-2.26493798643478,0.0416870800980391,-0.3161869775,-0.422252301687349,-2.26493798643478,0.3802199024,0.473658002458804
0.0192540867,0.2588222567,-2.36869106686957,-0.0199042080392157,-0.4250064977,-0.507105085841756,-2.36869106686957,0.2588222567,0.478189602084656
-0.00390492539999996,0.1168422074,-2.46845589739131,-0.085827583235294,-0.5256876846,-0.59340677664532,-2.46845589739131,0.1168422074,0.481144353088529
-0.0219620270000001,-0.0431595589000001,-2.56518665521739,-0.154490758921569,-0.6158751599,-0.680134831987792,-2.56518665521739,-0.0219620270000001,0.483362199236684
-0.0357665377,-0.2172027923,-2.65819145513043,-0.224101391372549,-0.6935632729,-0.765765089880597,-2.65819145513043,-0.0357665377,0.485474442842365
-0.0464991429,-0.4000876481,-2.74525625382609,-0.292712398137255,-0.7571446433,-0.848340017252668,-2.74525625382609,-0.0464991429,0.487811891519862
-0.0555738553,-0.5856722904,-2.82286621565217,-0.358277032745098,-0.8054394736,-0.925565773539454,-2.82286621565217,-0.0555738553,0.490326897523119
-0.0645226293,-0.7672077126,-2.88650837434783,-0.418713005196078,-0.8377075014,-0.994931844568781,-2.88650837434783,-0.0645226293,0.492561113014508
-0.0748734054,-0.9377118524,-2.93103708165217,-0.471970926568627,-0.8536526065,-1.05384917450416,-2.93103708165217,-0.0748734054,0.493678885211962
-0.0880255916,-1.0903600664,-2.9510790913913,-0.516109049313725,-0.8534065673,-1.09979607320101,-2.9510790913913,-0.0880255916,0.492565512880053
-0.1051321216,-1.2188683344,-2.94145093704348,-0.549368298137255,-0.8375108472,-1.13046610767615,-2.94145093704348,-0.1051321216,0.48796968337094
-0.1270006019,-1.3178462339,-2.89756585921739,-0.570243728431372,-0.8068790957,-1.14390710382975,-2.89756585921739,-0.1270006019,0.478662210307106
-0.1540113436,-1.3831000999,-2.81580711408696,-0.577551890098039,-0.7627585949,-1.138645808517,-2.81580711408696,-0.1540113436,0.463586591567669
-0.1860660326,-1.4118667691,-2.69384637234783,-0.570490576764706,-0.7066805498,-1.11379006012251,-2.69384637234783,-0.1860660326,0.441984842924075
-0.222566329,-1.4029663852,-2.53088699165217,-0.548684833235294,-0.6404102068,-1.06910294917749,-2.53088699165217,-0.222566329,0.413492086551597
-0.2624239658,-1.3568644305,-2.32782164069565,-0.51222013745098,-0.5658878566,-1.00504360620933,-2.32782164069565,-0.2624239658,0.378202081896682
-0.3041064118,-1.2756397471,-2.08729361834783,-0.461660237254902,-0.485176097199999,-0.922775222340545,-2.08729361834783,-0.3041064118,0.336711121616367
-0.3457134727,-1.1628614481,-1.81365921095652,-0.398045585588235,-0.4003983929,-0.824135622048951,-1.81365921095652,-0.3457134727,0.290162525988805
-0.3850782775,-1.023382487,-1.51285355217391,-0.32287556372549,-0.3136833392,-0.711574643919881,-1.51285355217391,-0.3136833392,0.240341045435449
-0.4198915796,-0.863062215900001,-1.19216714121739,-0.238069554411765,-0.2271104978,-0.588060197785832,-1.19216714121739,-0.2271104978,0.189951326605117
-0.4478392296,-0.6884341806,-0.859945095217391,-0.145914399215686,-0.1426546302,-0.456957506966615,-0.859945095217391,-0.1426546302,0.14345691041665
-0.4667435341,-0.5063414136,-0.525225438608696,-0.0489920206862745,-0.0621404482000002,-0.321888571038994,-0.525225438608696,-0.0489920206862745,0.109154319126202
-0.474706587,-0.3235595779,-0.197335275478261,0.0499042715686272,0.0128038633000002,-0.186578661101927,-0.474706587,0.0499042715686272,0.0993918373115615
-0.4702365434,-0.1464296139,0.114532938695652,0.147863128529412,0.0807868187000002,-0.0546966542749871,-0.4702365434,0.147863128529412,0.115998540407138
-0.4523564171,0.0194757692999999,0.401743756434782,0.241958187549019,0.1406879448,0.0703018481967603,-0.4523564171,0.401743756434782,0.14491873456361
-0.4206886056,0.1696347303,0.656616981913044,0.329351112941176,0.1916769324,0.185318230390844,-0.4206886056,0.656616981913044,0.174699552800818
-0.3755024569,0.300789617,0.872781042695652,0.407395064117647,0.2332405529,0.28774076396266,-0.3755024569,0.872781042695652,0.199952668759046
-0.3177297803,0.411079197,1.04546386486957,0.473732369509804,0.265186454,0.375546421015874,-0.3177297803,1.04546386486957,0.218231947003752
-0.2489414978,0.5000830605,1.17170671617391,0.526382195196078,0.2876432732,0.447374749453998,-0.2489414978,1.17170671617391,0.228478401741228
-0.1712847157,0.5687763844,1.25048872617391,0.563814055,0.3010543995,0.502569769874783,-0.1712847157,1.25048872617391,0.230456639705337
-0.0873914819,0.6193970654,1.2827574453913,0.585007389019608,0.3061524487,0.541184573322183,-0.0873914819,1.2827574453913,0.224534620324419
-0.000250813600000007,0.6552359728,1.27136416504348,0.589488250784314,0.3039330086,0.563954116725558,-0.000250813600000007,1.27136416504348,0.211583497204555
0.0869360401000001,0.6803617852,1.22090597252174,0.57734788627451,0.2956111039,0.57223255759925,0.0869360401000001,1.22090597252174,0.192941368583798
0.17091887,0.6992995864,1.137485504,0.54923821627451,0.2825761686,0.567903669054902,0.17091887,1.137485504,0.17044727426955
0.2485641443,0.7166834729,1.02839752773913,0.506344093333333,0.2663291099,0.553263669634493,0.2485641443,1.02839752773913,0.146600290614669
0.3170191767,0.7369022956,0.901761949913044,0.450337857156863,0.248423563,0.530888968473981,0.248423563,0.901761949913044,0.124900707358381
0.3738624279,0.7637647792,0.766118019304348,0.383311604607843,0.2303960187,0.503490569942438,0.2303960187,0.766118019304348,0.110123320418422
0.4172291784,0.8002024519,0.630002562956522,0.307694051764706,0.2136958289,0.473764814784246,0.2136958289,0.8002024519,0.107094215252222
0.4459128027,0.848029419,0.501532748434783,0.226155213039216,0.1996199108,0.4442500187948,0.1996199108,0.848029419,0.116989553813686
0.4594215447,0.9077751107,0.388013216956522,0.141500678333333,0.1892422778,0.417190565697971,0.141500678333333,0.9077751107,0.136248542196355
0.4580064794,0.9786010872,0.295587040695652,0.056562982254902,0.1833651915,0.394424556210111,0.056562982254902,0.9786010872,0.160276360293136
0.4426376921,1.0583065661,0.228946633913043,-0.0259080819607843,0.1824608746,0.377288736950452,-0.0259080819607843,1.0583065661,0.185820709263049
0.4149472569,1.1434247159,0.191120028869565,-0.103350847941177,0.186643219,0.366556874545678,-0.103350847941177,1.1434247159,0.210929555771624
0.3771298072,1.2294039036,0.183339557826087,-0.17348638872549,0.1956451889,0.362406413760119,-0.17348638872549,1.2294039036,0.234409552543179
0.3318157829,1.3108628736,0.205001610434783,-0.234401994411765,0.2088145396,0.364418562424603,-0.234401994411765,1.3108628736,0.255443947978783
0.2819138373,1.3819073211,0.253715635304348,-0.284616858333333,0.2251272129,0.371609429654203,-0.284616858333333,1.3819073211,0.273380326318933
0.2304425296,1.4364875354,0.32544206973913,-0.323129074019608,0.2432216978,0.382492951703905,-0.323129074019608,1.4364875354,0.28762628894155
0.1803535898,1.4687760704,0.414709624521739,-0.349441416372549,0.2614473433,0.395169042329838,-0.349441416372549,1.4687760704,0.297614330276622
0.1343554599,1.4735443462,0.514901990695652,-0.363565572352941,0.2779311911,0.407433483108542,-0.363565572352941,1.4735443462,0.302813791499171
0.0947586528000002,1.4465132005,0.618599394434783,-0.366004314607843,0.2906599823,0.416905383085388,-0.366004314607843,1.4465132005,0.302773574118567
0.0633375981,1.3846588075,0.717957198608696,-0.357712319019608,0.2975740397,0.421163064977818,-0.357712319019608,1.3846588075,0.297184368644169
0.0412273141999999,1.2864526022,0.805104367217392,-0.340039602941176,0.2966661071,0.417882157555243,-0.340039602941176,1.2864526022,0.285951329242491
0.0288567794,1.1520213606,0.872541905565217,-0.314657561176471,0.2860871109,0.404969919057749,-0.314657561176471,1.1520213606,0.269273777509418
0.0259286987000001,0.983217221,0.913522204,-0.283473080490196,0.2642483542,0.380688679481961,-0.283473080490196,0.983217221,0.247737365461861
0.0314348676,0.7835921479,0.922391870086957,-0.24853446,0.2299235423,0.343761593577391,-0.24853446,0.922391870086957,0.22243938659453
0.0437248535,0.5582768275,0.894882885391305,-0.21193266372549,0.1823313572,0.293456651973163,-0.21193266372549,0.894882885391305,0.195189190574045
0.0606059677,0.3137697635,0.828337515217392,-0.175702650098039,0.1212105617,0.229644231603871,-0.175702650098039,0.828337515217392,0.168841440840018
0.0794840614,0.0576474300000002,0.721857062608695,-0.141731177941176,0.0468703440000001,0.152825544013504,-0.141731177941176,0.721857062608695,0.14768630310094
0.0975269103,-0.2017886261,0.576370242,-0.11167158245098,-0.0397771366000003,0.0641319614298038,-0.2017886261,0.576370242,0.137098691506914
0.1118466782,-0.4559078322,0.394615156521739,-0.0868721195098039,-0.137211853800001,-0.034705994157613,-0.4559078322,0.394615156521739,0.14078957355951
0.119689688,-0.696168942,0.181039533391304,-0.0683203213725491,-0.2433299588,-0.141418000156249,-0.696168942,0.181039533391304,0.157422045976822
0.1186207256,-0.9145366332,-0.0583764759999998,-0.0566051773529413,-0.3554868558,-0.253276883350588,-0.9145366332,0.1186207256,0.182028170279717
0.1066933576,-1.1038737718,-0.316366965913043,-0.0518992419607843,-0.470576325,-0.367204589414766,-1.1038737718,0.1066933576,0.209755618551116
0.0825936430999999,-1.2582864268,-0.584684406695652,-0.0539600903921567,-0.5851223743,-0.479891931017562,-1.2582864268,0.0825936430999999,0.237251012027922
0.0457532701000001,-1.3734041326,-0.854445130782608,-0.0621527541176471,-0.6954036277,-0.587930475020051,-1.3734041326,0.0457532701000001,0.262444918760292
-0.00358241320000005,-1.4465787888,-1.1165044486087,-0.0754893286274509,-0.7975821204,-0.687947419927229,-1.4465787888,-0.00358241320000005,0.284135779535871
-0.0643303130999999,-1.4769918411,-1.36184014104348,-0.0926861963725491,-0.8878479928,-0.776739296883205,-1.4769918411,-0.0643303130999999,0.301703245783067
-0.1345947178,-1.4656633052,-1.58193042626087,-0.112233355294118,-0.9625715845,-0.851398677810997,-1.58193042626087,-0.112233355294118,0.31492303617195
-0.2117358112,-1.4153640346,-1.76910769756522,-0.132474898235294,-1.0184497175,-0.909426431820102,-1.76910769756522,-0.132474898235294,0.323831491754684
-0.2924881666,-1.330435693,-1.91687429391304,-0.151694905686275,-1.0526427639,-0.948827164619863,-1.91687429391304,-0.151694905686275,0.328612135402316
-0.3731165774,-1.2165298505,-2.02016723904348,-0.168205294607843,-1.0629073762,-0.968185267550264,-2.02016723904348,-0.168205294607843,0.329498716325298
-0.4495982192,-1.0802814026,-2.07555999591304,-0.180432834313726,-1.0476987722,-0.966714244845354,-2.07555999591304,-0.180432834313726,0.326698816433351
-0.5178347541,-0.9289354066,-2.08139480626087,-0.186996836176471,-1.0062541305,-0.944283186727468,-2.08139480626087,-0.186996836176471,0.320346661440856
-0.5738636642,-0.7699484362,-2.03783944147826,-0.186781140980392,-0.9386479971,-0.901416135991731,-2.03783944147826,-0.186781140980392,0.310493292576086
-0.6140789526,-0.6105881904,-1.94686948026087,-0.178989065490196,-0.845812176600001,-0.839267573070213,-1.94686948026087,-0.178989065490196,0.297136054617034
-0.635430302,-0.4575521431,-1.81217502721739,-0.163184982352941,-0.7295297327,-0.759574437474067,-1.81217502721739,-0.163184982352941,0.280283811578925
-0.6356016511,-0.3166300229,-1.63899963495652,-0.139319138235294,-0.5923913844,-0.664588366318363,-1.63899963495652,-0.139319138235294,0.260049295810595
-0.6131555912,-0.1924259994,-1.43391800069565,-0.107732000980392,-0.4377195344,-0.556990225335209,-1.43391800069565,-0.107732000980392,0.236761736374323
-0.5676355583,-0.0881561023999999,-1.20456218382609,-0.0691417870588237,-0.2694684301,-0.439792812336982,-1.20456218382609,-0.0691417870588237,0.211099136990499
-0.4996163525,-0.00553317350000004,-0.959311332521739,-0.0246143510784313,-0.0920972038,-0.316234482680034,-0.959311332521739,-0.00553317350000004,0.184254154559167
-0.4107077942,0.0552586844,-0.706955064782609,0.024483355882353,0.0895781682,-0.189668530100051,-0.706955064782609,0.0895781682,0.158157011292859
-0.3035042871,0.0954955683,-0.456347739565217,0.0765423216666667,0.2705459772,-0.0634536318997102,-0.456347739565217,0.2705459772,0.135722059930987
-0.1814826821,0.1177603443,-0.216065898869565,0.129782052647059,0.4457663617,0.0591520355354987,-0.216065898869565,0.4457663617,0.12073610667873
-0.0488599033,0.1257130582,0.00591569243478275,0.182328476960784,0.610341026,0.175087670059113,-0.0488599033,0.610341026,0.116341617460261
0.0895936957,0.1238011758,0.202516944173913,0.232294000588235,0.7596762191,0.28157640707243,0.0895936957,0.7596762191,0.12227202656218
0.2287640098,0.1169259449,0.367803774869565,0.277859651666667,0.8896372291,0.376198122067246,0.1169259449,0.8896372291,0.134595600925377
0.3634258072,0.110087676,0.497187102086956,0.317349404313726,0.9966782078,0.456945639480136,0.110087676,0.9966782078,0.148572227443392
0.4884763274,0.1080312722,0.587564709652174,0.349301476960784,1.0779558897,0.522265935182592,0.1080312722,1.0779558897,0.160577715284088
0.5991651571,0.1149129707,0.637399259913044,0.372526133921569,1.1314154048,0.571083785286923,0.1149129707,1.1314154048,0.168326287673756
0.6913116188,0.134008374,0.646733037391304,0.386151159705882,1.1558409236,0.602809022699437,0.134008374,1.1558409236,0.17063425649834
0.7614862888,0.1674805879,0.617139373478261,0.389652872647059,1.1508851086,0.617328846285064,0.1674805879,1.1508851086,0.167281722512049
0.8071608069,0.216221369,0.551613016956522,0.38287135754902,1.117061178,0.614985545681108,0.216221369,1.117061178,0.159046724883962
0.8268144563,0.2797756433,0.454408397739131,0.366008014019608,1.0557045495,0.596542212171748,0.2797756433,1.0557045495,0.147909508706202
0.8199862601,0.3563523046,0.330830515043478,0.339610262156863,0.9689127356,0.563138415500068,0.330830515043478,0.9689127356,0.137352813174856
0.7872844598,0.4429213639,0.186992106,0.304537983431373,0.8594564262,0.516238467866275,0.186992106,0.8594564262,0.132261134939985
0.7303387108,0.5353912707,0.029542019826087,0.26192054,0.730672863,0.457573080865217,0.029542019826087,0.730672863,0.137209831372655
0.6517101368,0.6288560697,-0.134616991391304,0.213101584411765,0.5863401431,0.389078188524092,-0.134616991391304,0.6517101368,0.153395837287236
0.5547562845,0.7178958491,-0.298615125217391,0.159577941372549,0.4305518008,0.312833350111032,-0.298615125217391,0.7178958491,0.178019159950863
0.4434651841,0.7969141318,-0.455890348782609,0.102933627058823,0.2675738315,0.230999285135243,-0.455890348782609,0.7969141318,0.206755562355966
0.32226038,0.8604891769,-0.600443848869565,0.0447737932352941,0.1017124359,0.145758387433146,-0.600443848869565,0.8604891769,0.235685040506065
0.1957953014,0.9037213502,-0.727064649391304,-0.0133405760784314,-0.0628159259,0.0592591000460528,-0.727064649391304,0.9037213502,0.261747654247136
0.0687421563,0.9225526183,-0.831516022695652,-0.0699498153921568,-0.222004128,-0.0264350382975617,-0.831516022695652,0.9225526183,0.282659907561899
-0.0544136264,0.914039965,-0.910674695304348,-0.123746906764706,-0.372162414099999,-0.109391535513811,-0.910674695304348,0.914039965,0.296794871941472
-0.1695613835,0.8765661585,-0.962621977478261,-0.173617655686274,-0.5100030969,-0.187847591012907,-0.962621977478261,0.8765661585,0.303114914388328
-0.2731264192,0.8099749183,-0.986680576086956,-0.218668772254902,-0.6327145005,-0.260243069948372,-0.986680576086956,0.8099749183,0.301140113750149
-0.3622013695,0.7156215593,-0.98339978826087,-0.258243664117647,-0.738010413600001,-0.325246735235703,-0.98339978826087,0.7156215593,0.290929644285839
-0.4346380418,0.5963356194,-0.954489183304348,-0.291924316078431,-0.8241607782,-0.381775339996556,-0.954489183304348,0.5963356194,0.273063613731634
-0.4890958914,0.4562992503,-0.902705592956521,-0.319523209705882,-0.8900014,-0.429005368752481,-0.902705592956521,0.4562992503,0.248623281875827
-0.5250560432,0.3008449559,-0.831698007652174,-0.341060810196078,-0.9349317025,-0.466380321529651,-0.9349317025,0.3008449559,0.219177993302768
-0.5427843808,0.1361857616,-0.745820077565218,-0.35673507745098,-0.958888604699999,-0.493608475783239,-0.958888604699999,0.1361857616,0.186800651589415
-0.5432685731,-0.0309058324000002,-0.649915991043478,-0.366885923235294,-0.962313432,-0.510657950355754,-0.962313432,-0.0309058324000002,0.154155995533194
-0.5281159387,-0.1934537021,-0.549090888,-0.371949075588235,-0.9461036877,-0.517742658417647,-0.9461036877,-0.1934537021,0.124700157143731
-0.4994323343,-0.3446468985,-0.448475379130435,-0.372415336372549,-0.911560908700001,-0.515306171400597,-0.911560908700001,-0.3446468985,0.102780963338049
-0.4596797105,-0.4782011812,-0.352994431391304,-0.368785240686274,-0.8603283978,-0.503997792315516,-0.8603283978,-0.352994431391304,0.0923811417590973
-0.4115300295,-0.588691064,-0.267149745304348,-0.361530652352941,-0.794332615600001,-0.484646821351458,-0.794332615600001,-0.267149745304348,0.0934181807776791
-0.3577161344,-0.6718359201,-0.194824926347826,-0.351060679509804,-0.715716907,-0.458230913471526,-0.715716907,-0.194824926347826,0.100721777593506
-0.3008934917,-0.7247215571,-0.139122337652174,-0.337695912843137,-0.6267828683,-0.425843233519062,-0.7247215571,-0.139122337652174,0.108465720248877
-0.2435159485,-0.7459459483,-0.102235471913043,-0.321654386960784,-0.5299294268,-0.388656236494765,-0.7459459483,-0.102235471913043,0.112961466413251
-0.1877313105,-0.7356812982,-0.0853657339130434,-0.303045600392157,-0.4276007384,-0.34788493628104,-0.7356812982,-0.0853657339130434,0.112542593921312
-0.1353083556,-0.6956489705,-0.0886828959130435,-0.28187606872549,-0.3222348815,-0.304750234447707,-0.6956489705,-0.0886828959130435,0.107010842272221
-0.087584661,-0.6290093888,-0.111332411478261,-0.25806721254902,-0.2162164845,-0.260442031665456,-0.6290093888,-0.087584661,0.0974465969028182
-0.045448673,-0.5401735982,-0.15148812,-0.231479082254902,-0.1118395238,-0.21608579945098,-0.5401735982,-0.045448673,0.0864369798044987
-0.00934500910000003,-0.4345480113,-0.206447166695652,-0.201945148137255,-0.0112688642,-0.172710839886581,-0.4345480113,-0.00934500910000003,0.07851859494458
0.0206854393,-0.3182273581,-0.272763354869565,-0.16931068245098,0.0834937515000003,-0.131224440924109,-0.3182273581,0.0834937515000003,0.0792573122350158
0.0449580095,-0.1976539199,-0.346413305043478,-0.133474174803922,0.1706375518,-0.0923891676894799,-0.346413305043478,0.1706375518,0.0909242020787906
0.0640680623,-0.0792633582999998,-0.422986086086957,-0.0944286377450981,0.2485681186,-0.0568083802464109,-0.422986086086957,0.2485681186,0.1104245313503
0.0788117565,0.0308635291,-0.497888997217391,-0.0523008149019607,0.315929981,-0.0249169091038703,-0.497888997217391,0.315929981,0.133135301531727
0.0900976855,0.1273226841,-0.56655960173913,-0.00738253823529423,0.3716305326,0.00302175244511509,-0.56655960173913,0.3716305326,0.155472914173795
0.098866448,0.2056638616,-0.624676168782609,0.039843093627451,0.4148519002,0.0269098269289685,-0.624676168782609,0.4148519002,0.174980197684752
0.1060088075,0.2626084141,-0.668356364434783,0.0886897931372548,0.4450701501,0.0468041600804944,-0.668356364434783,0.4450701501,0.189987032085973
0.1123057629,0.2961953745,-0.694334986869565,0.138265762647059,0.4620602408,0.0628984307954987,-0.694334986869565,0.4620602408,0.199409300499344
0.1183742714,0.3058487987,-0.700113808869565,0.187484979215686,0.465903345,0.0754995170892243,-0.700113808869565,0.465903345,0.202661165504856
0.124640404,0.292364126,-0.684077057217391,0.23509413127451,0.456986951,0.0850017110114237,-0.684077057217391,0.456986951,0.199618799498178
0.1313233314,0.2578147766,-0.645566893391304,0.279708351176471,0.4359945374,0.0918548206370332,-0.645566893391304,0.4359945374,0.190605921764697
0.1384425203,0.2053874114,-0.584917261391304,0.319862774607843,0.4038950898,0.0965341069433078,-0.584917261391304,0.4038950898,0.176398383211097
0.1458406089,0.1391554296,-0.503442365304348,0.354072192352941,0.3619184552,0.0995088641497186,-0.503442365304348,0.3619184552,0.158260852292166
0.1532193959,0.0638059031000002,-0.403382875391304,0.380895471372549,0.3115274307,0.101213065136249,-0.403382875391304,0.380895471372549,0.138053503781797
0.1601862664,-0.0156622498,-0.287811349913043,0.399008524607843,0.2543798692,0.10202021209896,-0.287811349913043,0.399008524607843,0.118451809047201
0.1663086688,-0.0942510159,-0.160500922434783,0.407273300784314,0.1922820771,0.102222421669906,-0.160500922434783,0.407273300784314,0.10317441414032
0.1711632244,-0.1672683897,-0.0257639142608697,0.404805495784314,0.1271406643,0.102015416104689,-0.1672683897,0.404805495784314,0.0964198774057099
0.1743893371,-0.2306052234,0.111732603826087,0.391034414705882,0.0609054588000001,0.101491318206394,-0.2306052234,0.391034414705882,0.100296942812568
0.1757303756,-0.2809699309,0.247165861304348,0.365752880098039,-0.00449284789999991,0.100637267640477,-0.2809699309,0.365752880098039,0.112710311587793
0.175062413,-0.3160644732,0.375762582608696,0.329152993921569,-0.0671969304000001,0.0993433171860529,-0.3160644732,0.375762582608696,0.129470607797369
0.172415244,-0.3346952341,0.493000794521739,0.281845147058824,-0.1254883045,0.0974155293961126,-0.3346952341,0.493000794521739,0.147059983364131
0.1679730477,-0.3368093999,0.594798137130434,0.224860464803922,-0.177839695,0.0945965109468712,-0.3368093999,0.594798137130434,0.163230975442987
0.1620606613,-0.3234581797,0.677681660695652,0.159631255196078,-0.2229648681,0.090590105878346,-0.3234581797,0.677681660695652,0.176678227128603
0.1551196222,-0.2966887277,0.73892747747826,0.0879563682352941,-0.2598623915,0.0850904697427108,-0.2966887277,0.73892747747826,0.186703369055323
0.1476671292,-0.2593735021,0.776667816695652,0.0119443289215687,-0.2878402438,0.0778131057834442,-0.2878402438,0.776667816695652,0.193004322220317
0.1402499738,-0.2149878805,0.789958302608695,-0.0660564735294118,-0.3065425292,0.0685242786358568,-0.3065425292,0.789958302608695,0.195547674476564
0.1333896167,-0.1673500519,0.778804207217392,-0.143543985686275,-0.3159470126,0.0570705547462234,-0.3159470126,0.778804207217392,0.194483543313589
0.1275326809,-0.1203434191,0.744144157739131,-0.21795866627451,-0.3163631338,0.0434023238929241,-0.3163631338,0.744144157739131,0.190088197259968
0.1229972145,-0.0776353856000002,0.687793610695653,-0.286783407352941,-0.3084034856,0.0275937093285423,-0.3084034856,0.687793610695653,0.182724654531953
0.1199340759,-0.0424133827000002,0.612349971217392,-0.347648568823529,-0.2929528154,0.00985385603877249,-0.347648568823529,0.612349971217392,0.172822300630685
0.1182968681,-0.0171559402,0.521065199217391,-0.398431238333333,-0.2711214039,-0.00946930302318844,-0.398431238333333,0.521065199217391,0.160873140386407
0.1178272074,-0.00345160130000022,0.417690711565218,-0.43734883,-0.244186976,-0.0298938976669565,-0.43734883,0.417690711565218,0.147443844843529
0.1180546354,-0.0018786078999999,0.30630329973913,-0.463038240294118,-0.2135332835,-0.0508184393109975,-0.463038240294118,0.30630329973913,0.133201059268514
0.1183201089,-0.0119538546000001,0.19112039547826,-0.47462135872549,-0.1805850152,-0.0715439448294459,-0.47462135872549,0.19112039547826,0.118943946891402
0.1178078498,-0.0321547861999999,0.0763120514782607,-0.471747993823529,-0.1467395913,-0.0913044940090537,-0.471747993823529,0.1178078498,0.105624872343368
0.1155999283,-0.0600130501999995,-0.0341796541739128,-0.454620243627451,-0.1133055515,-0.109303714240273,-0.454620243627451,0.1155999283,0.0943171147140664
0.1107385578,-0.0922766321999999,-0.136806822,-0.423989770294118,-0.0814448310000002,-0.124755899538824,-0.423989770294118,0.1107385578,0.0860449083448608
0.1022985645,-0.1251277918,-0.228559578869565,-0.381133700098039,-0.0521224244000001,-0.136928986133521,-0.381133700098039,0.1022985645,0.0814227701354246
0.0894638379,-0.1544458192,-0.307081974695652,-0.32780556754902,-0.0260723803999996,-0.145188380788934,-0.32780556754902,0.0894638379,0.0802790626808858
0.0716011110000001,-0.176097983,-0.370752362173913,-0.266166422941176,-0.00377632699999989,-0.149038396823018,-0.370752362173913,0.0716011110000001,0.0816673556201236
0.0483250741,-0.1862414113,-0.418729142173913,-0.198696052843137,0.0145493401999999,-0.14815843840341,-0.418729142173913,0.0483250741,0.08434822491923
0.0195586522,-0.1816147722,-0.450956270521739,-0.128089993627451,0.0289412483999998,-0.142432227149838,-0.450956270521739,0.0289412483999998,0.0873321160719612
-0.0144322475,-0.1598025099,-0.468131226434783,-0.0571454689215686,0.0396718473000001,-0.13196792109127,-0.468131226434783,0.0396718473000001,0.0901814216461119
-0.0530182967000001,-0.1194548203,-0.471637975304348,0.0113561419607843,0.0472100043999996,-0.117108989188713,-0.471637975304348,0.0472100043999996,0.0930881150734964
-0.0952100088,-0.0604475473000001,-0.46344684826087,0.0747676512745097,0.0521775882999998,-0.0984318329572721,-0.46344684826087,0.0747676512745097,0.0967911170031849
-0.1396844715,0.0160294214000001,-0.44598966573913,0.130689985784314,0.0552942899,-0.0767320880309633,-0.44598966573913,0.130689985784314,0.102316601802114
-0.1848330948,0.1074616829,-0.422013637130435,0.177072347647059,0.0573150124000004,-0.0529995377966751,-0.422013637130435,0.177072347647059,0.110544486082177
-0.228834917,0.210082607,-0.394423712347826,0.212300137745098,0.0589711625999999,-0.0283809444005457,-0.394423712347826,0.212300137745098,0.121776792194614
-0.2697426216,0.3190236318,-0.366121494521739,0.235260894803922,0.0609040370999999,-0.0041351104835635,-0.366121494521739,0.3190236318,0.135564302633621
-0.3055849285,0.4285392409,-0.339846743913044,0.245388354313725,0.0636176233,0.0184227092201364,-0.339846743913044,0.4285392409,0.150845865740147
-0.334475994,0.5322923089,-0.31803099773913,0.242680872745098,0.0674272242000002,0.0379786828211936,-0.334475994,0.5322923089,0.16621996616153
-0.3547199795,0.6236863315,-0.302670390608696,0.227696116470588,0.0724286795999999,0.0532841514923785,-0.3547199795,0.6236863315,0.180182643502461
-0.3649232595,0.6962264543,-0.295222271478261,0.201517806470588,0.078474939,0.0632147337584655,-0.3649232595,0.6962264543,0.191290836179238
-0.3640821779,0.7438902147,-0.296532088173913,0.165699948333333,0.0851790211000001,0.0668309836118841,-0.3640821779,0.7438902147,0.198272514455252
-0.3516573732,0.761484942,-0.306792209913043,0.122189944607843,0.0919182974000002,0.06342872017896,-0.3516573732,0.761484942,0.200113346422031
-0.327627768,0.7449741346,-0.325534962521739,0.0732336928431374,0.0978713370999999,0.0525832868042796,-0.327627768,0.7449741346,0.196139795751549
-0.2925133238,0.6917513179,-0.351659876,0.0212672809803923,0.102057908,0.0341806614160785,-0.351659876,0.6917513179,0.186114900606679
-0.2473701832,0.6008466313,-0.383492088521739,-0.0311980085294118,0.1033969437,0.00843665894976985,-0.383492088521739,0.6008466313,0.170379462006319
-0.1937604225,0.4730518377,-0.418870580347826,-0.0816933249019607,0.1007752163,-0.0240994547499574,-0.418870580347826,0.4730518377,0.150116493184006
-0.1336822258,0.3109567726,-0.455258979478261,-0.127908052058824,0.0931191202,-0.0625546729074169,-0.455258979478261,0.3109567726,0.127924195352516
-0.069484834,0.1188912478,-0.489874729565217,-0.167794223431373,0.0794722591999999,-0.105758055999318,-0.489874729565217,0.1188912478,0.108969590019775
-0.00375566820000001,-0.0972244637999998,-0.519830049391304,-0.199659192156863,0.0590721795000001,-0.152279438809633,-0.519830049391304,0.0590721795000001,0.101759068302957
0.0608071780000001,-0.3301147508,-0.542275899043478,-0.222238208627451,0.0314159021000001,-0.200481155674186,-0.542275899043478,0.0608071780000001,0.113170164719305
0.1215305639,-0.5714593204,-0.554543734173913,-0.234747722058823,-0.00367817110000013,-0.248579676766547,-0.5714593204,0.1215305639,0.1405373490203
0.1759073404,-0.812263089,-0.554279209217391,-0.236912552352941,-0.0460263538999998,-0.294714772814067,-0.812263089,0.1759073404,0.176338049789397
0.2217252892,-1.0432675117,-0.539557930869565,-0.228968156568627,-0.0950525133999996,-0.337024164667638,-1.0432675117,0.2217252892,0.21473552626199
0.257188605,-1.255382091,-0.508981881478261,-0.211640206470588,-0.1497761971,-0.37371835420977,-1.255382091,0.257188605,0.252001009270289
0.2810158018,-1.4401141403,-0.461750439391304,-0.186096887156863,-0.2088279917,-0.403154731349633,-1.4401141403,0.2810158018,0.285629531098442
0.2925090822,-1.589974863,-0.397703718608696,-0.15388235872549,-0.270476794,-0.423905730426837,-1.589974863,0.2925090822,0.313855620541709
0.2915991298,-1.6988405167,-0.317337294434783,-0.116831510882353,-0.3326875605,-0.434819550543427,-1.6988405167,0.2915991298,0.3354685170991
0.278848228,-1.7622498459,-0.221788285739131,-0.0769718353921567,-0.393187250000001,-0.435069797806258,-1.7622498459,0.278848228,0.349754423096744
0.2554266991,-1.7776223249,-0.112793783043479,-0.036416912254902,-0.4495537675,-0.424192017719676,-1.7776223249,0.2554266991,0.35648539997982
0.2230496233,-1.7443867823,0.00737436799999978,0.00274340598039218,-0.4993150011,-0.402106877223922,-1.7443867823,0.2230496233,0.355918814834691
0.1838892683,-1.6640128683,0.135996491652174,0.0385490605882352,-0.5400529054,-0.369126190631918,-1.6640128683,0.1838892683,0.348792315157363
0.140454342,-1.5399444337,0.270006658782609,0.0692690773529411,-0.5695161195,-0.32594609501289,-1.5399444337,0.270006658782609,0.336303613423505
0.0954586674,-1.3774369246,0.406105408,0.0934862017647058,-0.5857222564,-0.273621780767059,-1.3774369246,0.406105408,0.320065015102569
0.0516698187,-1.1833094566,0.540877798434783,0.110166168137255,-0.587064478,-0.213532029865592,-1.1833094566,0.540877798434783,0.302013367263934
0.0117614988,-0.9656230588,0.670911507478261,0.118704384705882,-0.5723970866,-0.147328550883171,-0.9656230588,0.670911507478261,0.28424365618048
-0.0218367673,-0.7333030394,0.792909244782608,0.118951344803921,-0.5411069966,-0.076877242742694,-0.7333030394,0.792909244782608,0.268729502883723
-0.0470707515,-0.4957230957,0.903791959391304,0.11121224254902,-0.4931706624,-0.00419206153193522,-0.4957230957,0.903791959391304,0.256933313075878
-0.062375887,-0.2622729453,1.00078777443478,0.0962256516666667,-0.4291789668,0.0686371254002897,-0.4291789668,1.00078777443478,0.249414585102757
-0.0667631478,-0.0419319489,1.08150574252174,0.0751157602941177,-0.3503487064,0.139515539943171,-0.3503487064,1.08150574252174,0.245655647344281
-0.0598740454,0.1571301831,1.14399149469565,0.0493281857843138,-0.2584976886,0.206415625915993,-0.2584976886,1.14399149469565,0.244254847188592
-0.0419996889,0.3279064406,1.18676300234783,0.0205464487254902,-0.1560018351,0.267442873534663,-0.1560018351,1.18676300234783,0.24339508083399
-0.0140670713,0.4648425418,1.20882873782609,-0.0094011902941176,-0.0457261510000004,0.320895373406394,-0.0457261510000004,1.20882873782609,0.241335186872152
0.0224158505,0.564049511599999,1.20968845869565,-0.0386430900980392,0.0690646846999999,0.365315083079522,-0.0386430900980392,1.20968845869565,0.236747561597722
0.0654383657,0.6234302948,1.18931786573913,-0.0653688098039215,0.1848192035,0.399527383987042,-0.0653688098039215,1.18931786573913,0.22888261887331
0.1126014876,0.6427158049,1.14814100643478,-0.0879277267647059,0.297816203,0.422669355034015,-0.0879277267647059,1.14814100643478,0.21762000471166
0.161247721,0.6234103565,1.08699333469565,-0.104920190588235,0.4043013598,0.434206516281483,-0.104920190588235,1.08699333469565,0.203468320852979
0.208606694,0.5686512446,1.007076504,-0.115276570294118,0.5006207392,0.433935722301176,-0.115276570294118,1.007076504,0.187549037908264
0.2519414936,0.4829922614,0.909910456608696,-0.118314540784314,0.5833585083,0.421977635824877,-0.118314540784314,0.909910456608696,0.171562369694052
0.2887046231,0.3721230708,0.797283483130435,-0.113781553039216,0.6494655679,0.398759038378244,-0.113781553039216,0.797283483130435,0.157669718708367
0.3166643227,0.2425418309,0.671204462434784,-0.101870705294118,0.6963758166,0.364983145468133,-0.101870705294118,0.6963758166,0.148133672668154
0.3340269419,0.1011978096,0.533857072695652,-0.0832129660784314,0.7221105065,0.321595872923444,-0.0832129660784314,0.7221105065,0.144579878019794
0.3395272346,-0.0448757514,0.387559367652174,-0.0588495662745098,0.7253597666,0.269744210235533,-0.0588495662745098,0.7253597666,0.14718953889943
0.3324905107,-0.1889194876,0.234727194608696,-0.0301793228431372,0.7055417643,0.210732131833112,-0.1889194876,0.7055417643,0.154595792981835
0.3128577801,-0.32477831,0.0778430332173914,0.00111123323529406,0.662834453,0.145973637910537,-0.32477831,0.662834453,0.16465565753034
0.2811837959,-0.4471871636,-0.0805717272173916,0.0331338283333334,0.5981893241,0.0769496115031884,-0.4471871636,0.5981893241,0.17533604793181
0.238594329,-0.5519998969,-0.237981332260869,0.0638957409803922,0.5133034697,0.00516246210390453,-0.5519998969,0.5133034697,0.18516156690305
0.1867158927,-0.6363488504,-0.391858916608696,0.0914020869607843,0.4105782836,-0.0679023007495822,-0.6363488504,0.4105782836,0.193291405751417
0.1275813079,-0.6987306322,-0.539710148,0.113760525098039,0.2930448901,-0.140810811420392,-0.6987306322,0.2930448901,0.199432554009397
0.0635123827,-0.7390151782,-0.679098404869565,0.129281247843137,0.1642742087,-0.212209148765286,-0.7390151782,0.1642742087,0.203701735688733
-0.00300980520000015,-0.758379146700001,-0.807673070608696,0.136566038431372,0.0282620534999997,-0.280846786115465,-0.807673070608696,0.136566038431372,0.20646527773783
-0.0694776875000001,-0.7591708361,-0.923201958173913,0.134586620686274,-0.1107038093,-0.345593534077528,-0.923201958173913,0.134586620686274,0.208166255779073
-0.133488603,-0.744715785100001,-1.0236089646087,0.122741948235294,-0.2481775213,-0.40544978515468,-1.0236089646087,0.122741948235294,0.209153788713068
-0.1928649931,-0.7190742234,-1.10701484252174,0.100897576568627,-0.3797058034,-0.459552457170622,-1.10701484252174,0.100897576568627,0.209542480122824
-0.2457539846,-0.6867671216,-1.17178328513044,0.0694010366666666,-0.500975795799999,-0.507175830092754,-1.17178328513044,0.0694010366666666,0.209138328180786
-0.2907113227,-0.6524838854,-1.21656754582609,0.0290739030392156,-0.6079588494,-0.547729540057375,-1.21656754582609,0.0290739030392156,0.207449499463648
-0.3267467696,-0.6207912619,-1.24035840043478,-0.018818245882353,-0.6970498692,-0.580752909403427,-1.24035840043478,-0.018818245882353,0.203776488026914
-0.3533505127,-0.5958559698,-1.24252934547826,-0.0726184641176471,-0.765191162,-0.605909090819182,-1.24252934547826,-0.0726184641176471,0.197350186216452
-0.3704798408,-0.581199647200001,-1.22287765686957,-0.130347964117647,-0.8099802637,-0.622977074537443,-1.22287765686957,-0.130347964117647,0.187487939392429
-0.3785242715,-0.5794956018,-1.1816567713913,-0.189793562745098,-0.8297578911,-0.63184561970728,-1.1816567713913,-0.189793562745098,0.173750369867359
-0.3782401961,-0.5924195389,-1.11959790130435,-0.248604216960784,-0.8236754498,-0.632507460613026,-1.11959790130435,-0.248604216960784,0.156115803373582
-0.3706668661,-0.620559224300001,-1.0379183833913,-0.304395353333333,-0.7917282019,-0.625053605804928,-1.0379183833913,-0.304395353333333,0.135239098125478
-0.3570268191,-0.663388704,-0.938314212521738,-0.354854498529412,-0.7347744155,-0.60967172993023,-0.938314212521738,-0.354854498529412,0.112983040539517
-0.3386206111,-0.7193050392,-0.822935924869565,-0.397843194411765,-0.654514410700001,-0.586643836056266,-0.822935924869565,-0.3386206111,0.0935950221328164
-0.3167199248,-0.7857255032,-0.694346096521739,-0.431491382843137,-0.5534506647,-0.556346714412975,-0.7857255032,-0.3167199248,0.0850519539556201
-0.292467596,-0.859238541,-0.555459761043478,-0.454278226078431,-0.4348151707,-0.519251858964382,-0.859238541,-0.292467596,0.0947850688026101
-0.266794806,-0.9357983208,-0.40946880373913,-0.465098675392157,-0.302476656,-0.475927452386257,-0.9357983208,-0.266794806,0.120382073532222
-0.24035626,-1.010952005,-0.259752657478261,-0.463308688823529,-0.160823001,-0.427038522460358,-1.010952005,-0.160823001,0.154268598824602
-0.2134911449,-1.0800873104,-0.109776887043478,-0.448752170980392,-0.0146213659999998,-0.373345775864774,-1.0800873104,-0.0146213659999998,0.190902460105907
-0.1862096556,-1.1386860217,0.0370139324347826,-0.42176490745098,0.1311279636,-0.31570373774324,-1.1386860217,0.1311279636,0.226868447885298
-0.1582123203,-1.1825705754,0.177307216,-0.383156784607843,0.2713563324,-0.255055226381569,-1.1825705754,0.2713563324,0.259819138165773
-0.1289312007,-1.2081303562,0.308029648782608,-0.334174185196078,0.4010949816,-0.192422222342694,-1.2081303562,0.4010949816,0.287967228055093
-0.0976033084,-1.2125165678,0.426448102086956,-0.276444068333333,0.5156418797,-0.128894792549275,-1.2125165678,0.5156418797,0.309904771668598
-0.0633549848,-1.1937953759,0.530258561217391,-0.211903496078431,0.6107241649,-0.0656142261322081,-1.1937953759,0.6107241649,0.324553259054041
-0.0253073557,-1.1510537787,0.617657673478261,-0.142716314509804,0.6826498434,-0.00375398640630864,-1.1510537787,0.6826498434,0.331162691012308
0.0173125419,-1.0844525477,0.687395410521739,-0.0711820279411766,0.7284462656,0.0555039284761125,-1.0844525477,0.7284462656,0.329328628827909
0.065066963,-0.9952241145,0.738803931043478,0.000357223725490318,0.7459698224,0.110994765133794,-0.9952241145,0.7459698224,0.319014726179404
0.1182051614,-0.8856193301,0.771802515913044,0.0696105516666667,0.7340038508,0.161600549935942,-0.8856193301,0.771802515913044,0.300583330774733
0.176583009,-0.7588039548,0.786876594260871,0.134425464509804,0.692309017,0.206278025994135,-0.7588039548,0.786876594260871,0.274840738971791
0.2396002659,-0.618712302,0.785034047043478,0.192869393921568,0.6216594767,0.244090176313009,-0.618712302,0.785034047043478,0.243130694514593
0.306172277,-0.4698668964,0.767738874521739,0.243295434705882,0.5238352055,0.274234979065524,-0.4698668964,0.767738874521739,0.207546526752732
0.3747322019,-0.3171733897,0.736826451826088,0.284397708137255,0.4015788992,0.296072374272668,-0.3171733897,0.736826451826088,0.171433633955587
0.4432642189,-0.1657001232,0.694405304608696,0.315246656666667,0.2585268328,0.309148577955072,-0.1657001232,0.694405304608696,0.140444079122815
0.5093753081,-0.0204563271000002,0.642749386695652,0.335310509117647,0.0990980361000002,0.31321538258266,-0.0204563271000002,0.642749386695652,0.123438774048034
0.5703943127,0.1138234056,0.584187319913044,0.344457775392157,-0.0716399768000006,0.30824456736104,-0.0716399768000006,0.584187319913044,0.128119113159613
0.6234985408,0.2328765086,0.520994328,0.342943454901961,-0.2481338662,0.294435793220392,-0.2481338662,0.6234985408,0.151679833137842
0.6658595934,0.3330836693,0.455291646173914,0.331380349607843,-0.4245271939,0.272217612916351,-0.4245271939,0.6658595934,0.184543808147328
0.6948017911,0.4116068882,0.388960995391304,0.310697250980392,-0.5948547797,0.242242429194339,-0.5948547797,0.6948017911,0.2191390464356
0.7079628127,0.4664883339,0.323574988434783,0.282086040098039,-0.753250435900001,0.205372347846564,-0.753250435900001,0.7079628127,0.250957489415354
0.7034490528,0.4967080662,0.260350586173913,0.246941598529412,-0.894146985700001,0.162660463600665,-0.894146985700001,0.7034490528,0.277266005278433
0.6799687072,0.5021978499,0.200125741130435,0.206797292450981,-1.0124749049,0.115322937156283,-1.0124749049,0.6799687072,0.296309305416147
0.6369505013,0.4838132287,0.14335948973913,0.163257906666667,-1.1038465646,0.0647069123611594,-1.1038465646,0.6369505013,0.306963237571011
0.5746166733,0.443266503,0.0901569881739128,0.117934845392157,-1.1647113117,0.0122527396332139,-1.1647113117,0.5746166733,0.308586148072933
0.4940296897,0.3830255257,0.0403168900869565,0.0723842048039215,-1.1924925772,-0.0405472533818243,-1.1924925772,0.4940296897,0.30095323226934
0.3970867333,0.3061844651,-0.00660541000000004,0.0280539207843139,-1.1856831247,-0.0921926831031373,-1.1856831247,0.3970867333,0.284218619415905
0.2864738028,0.2163123054,-0.0512197292173914,-0.0137652666666667,-1.1439084603,-0.141221469596812,-1.1439084603,0.2864738028,0.258889961620393
0.1655785958,0.1172880692,-0.0942145171304344,-0.0519751471568626,-1.0679430541,-0.186253210677459,-1.0679430541,0.1655785958,0.225809834604916
0.0383573758,0.0131300279999999,-0.136267905304348,-0.0856971962745098,-0.959693090200001,-0.226034157595772,-0.959693090200001,0.0383573758,0.186159912811052
-0.0908251987,-0.0921737846999997,-0.177960781043478,-0.11428855,-0.8221320672,-0.259476076328696,-0.8221320672,-0.0908251987,0.141551951689017
-0.2173894456,-0.1948253169,-0.219701947130435,-0.137348197058824,-0.6591955579,-0.285692092917852,-0.6591955579,-0.137348197058824,0.0945482606259509
-0.3367470611,-0.2913623418,-0.261667237043478,-0.154712327647059,-0.4756490839,-0.304027610298107,-0.4756490839,-0.154712327647059,0.0523327605537992
-0.4445139862,-0.3787822349,-0.303756772695652,-0.166442541568627,-0.2769182462,-0.314082756312856,-0.4445139862,-0.166442541568627,0.0471613125446241
-0.5367196137,-0.4546419376,-0.345574916260869,-0.17280564872549,-0.0688963161000002,-0.315727686477272,-0.5367196137,-0.0688963161000002,0.086711559917292
-0.6099995643,-0.5171310198,-0.386434713826087,-0.174248754411765,0.1422611661,-0.30911057724757,-0.6099995643,0.1422611661,0.134482316885526
-0.6617601856,-0.5651139886,-0.425387080434783,-0.171368977941176,0.3503539819,-0.294655250135192,-0.6617601856,0.3503539819,0.18114099323872
-0.6903104355,-0.5981448653,-0.461272500608696,-0.164882303529412,0.549348405,-0.273052339987621,-0.6903104355,0.549348405,0.223970984648948
-0.6949455343,-0.6164519204,-0.492792598347826,-0.155588600980392,0.7335817234,-0.245239386125644,-0.6949455343,0.7335817234,0.261480877495841
-0.6759860118,-0.6208979397,-0.518598787652174,-0.144339473921569,0.8979549486,-0.212373452894748,-0.6759860118,0.8979549486,0.292665388985636
-0.6347641408,-0.6129159027,-0.537390428434782,-0.132006152352941,1.0380926251,-0.175796799837545,-0.6347641408,1.0380926251,0.316853218318977
-0.573560869,-0.5944248442,-0.548017901304348,-0.119449280882353,1.1504721758,-0.13699614391734,-0.5944248442,1.1504721758,0.333665343327146
-0.4954921393,-0.5677311966,-0.549581365391304,-0.107491985392157,1.232524478,-0.0975544417366922,-0.5677311966,1.232524478,0.342998368740017
-0.4043539701,-0.5354176416,-0.541521426347826,-0.0968958434313725,1.2826880425,-0.0591001677958397,-0.541521426347826,1.2826880425,0.345009630948558
-0.3044345785,-0.5002259951,-0.523692620347826,-0.0883404112745097,1.3004262386,-0.023253473324467,-0.523692620347826,1.3004262386,0.340100663742536
-0.2002998761,-0.4649372412,-0.496415310608696,-0.0824038667647059,1.2862054056,0.00842982218531971,-0.496415310608696,1.2862054056,0.328897725164611
-0.0965659720999999,-0.4322541239,-0.460501052173913,-0.0795506655882354,1.2414317433,0.0345119859075703,-0.460501052173913,1.2414317433,0.312230325998408
0.0023263509,-0.4046902717,-0.417247776869565,-0.0801179210784316,1.1683563226,0.0537253407704007,-0.417247776869565,1.1683563226,0.291111546649439
0.0923320084,-0.3844674606,-0.368404278869566,-0.0843079024509805,1.0699541611,0.0650213055158908,-0.3844674606,1.0699541611,0.266723922731045
0.1699952201,-0.3734261577,-0.316104008695653,-0.0921812237254901,0.9497761755,0.0676120010957714,-0.3734261577,0.9497761755,0.240414481938896
0.232610626,-0.3729513128,-0.262770900869565,-0.103654413627451,0.8117886642,0.0610045325805969,-0.3729513128,0.8117886642,0.213703794912765
0.2783453331,-0.3839158634,-0.211000907130435,-0.118495921470588,0.6602059576,0.0450277197397954,-0.3839158634,0.6602059576,0.18830355938875
0.3063105199,-0.4066419017,-0.163425281826087,-0.136331862058824,0.4993279329,0.0198478814430177,-0.4066419017,0.4993279329,0.166107896073195
0.3165835775,-0.4408822392,-0.122563867391304,-0.156649396666667,0.3333768668,-0.0140270117915943,-0.4408822392,0.3333768668,0.149050259219672
0.3101783,-0.4858223859,-0.0906753349565221,-0.178804175784314,0.1663636014,-0.0557519990481671,-0.4858223859,0.3101783,0.138665485785268
0.2889621985,-0.5401027373,-0.0696132931304348,-0.20203404127451,0.00195852590000035,-0.104165869460989,-0.5401027373,0.2889621985,0.135392960938884
0.2555316687,-0.6018611959,-0.0606977465217391,-0.225474540784314,-0.1565966621,-0.157819695321211,-0.6018611959,0.2555316687,0.138210627528776
0.2130489048,-0.6687924034,-0.064609699913044,-0.248179628137255,-0.3065554459,-0.21501765451006,-0.6687924034,0.2130489048,0.145129931179467
0.1650463101,-0.738225739,-0.0813155935652173,-0.269146487941177,-0.4457031989,-0.273868941861279,-0.738225739,0.1650463101,0.154094117158356
0.1152201222,-0.807216953,-0.110028592869565,-0.287343916372549,-0.5723620909,-0.332346286188423,-0.807216953,0.1152201222,0.163535286204353
0.0672106372,-0.8726528547,-0.149209732086956,-0.301747392843137,-0.6853668994,-0.388353248366019,-0.8726528547,0.0672106372,0.172480704285575
0.0243973245,-0.9313662524,-0.19661127,-0.311373639803921,-0.7840240125,-0.439795570040784,-0.9313662524,0.0243973245,0.180449549133164
-0.0102960455,-0.9802552097,-0.249362150521739,-0.315319610490196,-0.8680383394,-0.484654271122387,-0.9802552097,-0.0102960455,0.187304026872341
-0.0345627038999999,-1.0164054754,-0.304090492173913,-0.312802910784314,-0.9374400049,-0.521060317431645,-1.0164054754,-0.0345627038999999,0.193114713334687
-0.046835164,-1.0372105883,-0.357081475043478,-0.303200310392157,-0.9924963014,-0.547364767827127,-1.0372105883,-0.046835164,0.198046068896876
-0.0463698057000001,-1.0404864245,-0.404459510434783,-0.286085973235294,-1.0336236402,-0.562205070814015,-1.0404864245,-0.0463698057000001,0.202262201047047
-0.033272381,-1.02457392,-0.442389307478261,-0.261263942156863,-1.061306791,-0.564561268327025,-1.061306791,-0.033272381,0.205858069051427
-0.00848361820000005,-0.9884281774,-0.46728338173913,-0.228796743529412,-1.0760284009,-0.553804064353708,-1.0760284009,-0.00848361820000005,0.208818863303252
0.0262904985,-0.9316887958,-0.47600529573913,-0.189024304901961,-1.0782130649,-0.529728192568218,-1.0782130649,0.0262904985,0.211013039319741
0.0686897829,-0.8547264745,-0.466057704434782,-0.142575269607843,-1.0681939049,-0.492572714108525,-1.0681939049,0.0686897829,0.212215921751542
0.1158516928,-0.758666494,-0.435745986695652,-0.0903663079411765,-1.0461986099,-0.443025141147366,-1.0461986099,0.1158516928,0.212157046935594
0.1645862257,-0.6453831998,-0.384303828869565,-0.0335901430392154,-1.0123578932,-0.382209767841756,-1.0123578932,0.1645862257,0.210579296421034
0.2115766789,-0.5174667487,-0.311976985652174,0.0263087373529413,-0.966734177500001,-0.311658499119847,-0.966734177500001,0.2115766789,0.207301493709121
0.2535797966,-0.3781606737,-0.220058252086956,0.0876708278431375,-0.909372530900001,-0.233268166448764,-0.909372530900001,0.2535797966,0.202275582968735
0.2876252446,-0.2312713895,-0.110867125391305,0.148670261764706,-0.840360511000001,-0.14924070390532,-0.840360511000001,0.2876252446,0.195633707869528
0.311197883,-0.0810526054,0.0123212964347825,0.207373496666667,-0.7599008408,-0.0620121540197101,-0.7599008408,0.311197883,0.187721999284731
0.3223895662,0.0679328988000001,0.145400701826087,0.261806622156862,-0.668386232,0.0258287113965899,-0.668386232,0.3223895662,0.179114282805115
0.3200211142,0.2109703867,0.283602772695652,0.310030463921569,-0.5664719756,0.111630552383444,-0.5664719756,0.3200211142,0.170595286695038
0.303713984,0.3433607981,0.421706488956521,0.350215857156863,-0.455139086000001,0.192771608442677,-0.455139086000001,0.421706488956521,0.163090995103685
0.2739215669,0.460595617,0.554275408782609,0.38072288627451,-0.3357395744,0.266755180911424,-0.3357395744,0.554275408782609,0.157524906162445
0.2319057487,0.5585311785,0.675912788173913,0.400173799509804,-0.2100255633,0.331299590316743,-0.2100255633,0.675912788173913,0.154604037008599
0.1796706463,0.6335544693,0.78152033173913,0.407520936666667,-0.0801474902999998,0.384423778741159,-0.0801474902999998,0.78152033173913,0.154601998911465
